PRAGMA foreign_keys = OFF;
DELETE FROM return_items;
DELETE FROM returns;
DELETE FROM sale_items;
DELETE FROM sales;
DELETE FROM cash_shifts;
DELETE FROM employees;
DELETE FROM products;
DELETE FROM pos_print_jobs;
DELETE FROM pos_sync_events;
INSERT INTO products (id, barcode, name, category, brand, sell_price, stock_qty, low_stock_level, is_deleted, created_at, cloud_device_id, cloud_local_id) VALUES (1, '0097738596400', 'Pants Ski (outdoor)', '', '', 35.0, 16, 0, 0, '2026-02-04 15:26:39', 'c446fb1b-7da0-4cf8-aa3e-402b7defdd53', '1');
INSERT INTO products (id, barcode, name, category, brand, sell_price, stock_qty, low_stock_level, is_deleted, created_at, cloud_device_id, cloud_local_id) VALUES (2, '2957564138480', 'ski pants (heater)', '', '', 20.0, 26, 0, 0, '2026-02-04 15:32:39', 'c446fb1b-7da0-4cf8-aa3e-402b7defdd53', '2');
INSERT INTO products (id, barcode, name, category, brand, sell_price, stock_qty, low_stock_level, is_deleted, created_at, cloud_device_id, cloud_local_id) VALUES (3, '4714452279681', 'Child Ski Pants', '', '', 25.0, 36, 0, 0, '2026-02-04 15:34:35', 'c446fb1b-7da0-4cf8-aa3e-402b7defdd53', '3');
INSERT INTO products (id, barcode, name, category, brand, sell_price, stock_qty, low_stock_level, is_deleted, created_at, cloud_device_id, cloud_local_id) VALUES (4, '8218555308843', 'Child Ski Pants salopat', '', '', 30.0, 35, 0, 0, '2026-02-04 15:37:53', 'c446fb1b-7da0-4cf8-aa3e-402b7defdd53', '4');
INSERT INTO products (id, barcode, name, category, brand, sell_price, stock_qty, low_stock_level, is_deleted, created_at, cloud_device_id, cloud_local_id) VALUES (5, '2041703914216', 'Men Ski Pants salopat', '', '', 35.0, 12, 0, 0, '2026-02-04 15:38:37', 'c446fb1b-7da0-4cf8-aa3e-402b7defdd53', '5');
INSERT INTO products (id, barcode, name, category, brand, sell_price, stock_qty, low_stock_level, is_deleted, created_at, cloud_device_id, cloud_local_id) VALUES (6, '2926000915503', 'computer bag', '', '', 22.0, 9, 0, 0, '2026-02-06 13:32:17', 'c446fb1b-7da0-4cf8-aa3e-402b7defdd53', '6');
INSERT INTO products (id, barcode, name, category, brand, sell_price, stock_qty, low_stock_level, is_deleted, created_at, cloud_device_id, cloud_local_id) VALUES (7, '9454608875118', 'child ski suit (spyder)', '', '', 35.0, 33, 0, 0, '2026-02-06 13:42:40', 'c446fb1b-7da0-4cf8-aa3e-402b7defdd53', '7');
INSERT INTO products (id, barcode, name, category, brand, sell_price, stock_qty, low_stock_level, is_deleted, created_at, cloud_device_id, cloud_local_id) VALUES (8, '9786643234132', 'Ski Pants Women', '', '', 20.0, 23, 0, 0, '2026-02-06 15:46:54', 'c446fb1b-7da0-4cf8-aa3e-402b7defdd53', '8');
INSERT INTO products (id, barcode, name, category, brand, sell_price, stock_qty, low_stock_level, is_deleted, created_at, cloud_device_id, cloud_local_id) VALUES (9, '7384799026957', 'Baby Ski Suit', '', '', 30.0, 38, 0, 0, '2026-02-06 17:14:11', 'c446fb1b-7da0-4cf8-aa3e-402b7defdd53', '9');
INSERT INTO products (id, barcode, name, category, brand, sell_price, stock_qty, low_stock_level, is_deleted, created_at, cloud_device_id, cloud_local_id) VALUES (10, '2459209543630', 'Women Double Face Jacket', '', '', 45.0, 15, 0, 0, '2026-02-06 17:22:06', 'c446fb1b-7da0-4cf8-aa3e-402b7defdd53', '10');
INSERT INTO products (id, barcode, name, category, brand, sell_price, stock_qty, low_stock_level, is_deleted, created_at, cloud_device_id, cloud_local_id) VALUES (11, '1849770014812', 'Short Leather Jacket', '', '', 28.0, 34, 0, 0, '2026-02-06 17:25:44', 'c446fb1b-7da0-4cf8-aa3e-402b7defdd53', '11');
INSERT INTO products (id, barcode, name, category, brand, sell_price, stock_qty, low_stock_level, is_deleted, created_at, cloud_device_id, cloud_local_id) VALUES (12, '1194167077346', 'Bear Sweater', '', '', 12.0, 100, 0, 0, '2026-02-06 17:39:06', 'c446fb1b-7da0-4cf8-aa3e-402b7defdd53', '12');
INSERT INTO products (id, barcode, name, category, brand, sell_price, stock_qty, low_stock_level, is_deleted, created_at, cloud_device_id, cloud_local_id) VALUES (13, '1879679207084', 'Long Fur Jacket', '', '', 35.0, 67, 0, 0, '2026-02-07 15:51:35', 'c446fb1b-7da0-4cf8-aa3e-402b7defdd53', '13');
INSERT INTO products (id, barcode, name, category, brand, sell_price, stock_qty, low_stock_level, is_deleted, created_at, cloud_device_id, cloud_local_id) VALUES (14, '4256857885741', 'Long Fur Jacket', '', '', 40.0, 55, 0, 0, '2026-02-07 16:28:23', 'c446fb1b-7da0-4cf8-aa3e-402b7defdd53', '14');
INSERT INTO products (id, barcode, name, category, brand, sell_price, stock_qty, low_stock_level, is_deleted, created_at, cloud_device_id, cloud_local_id) VALUES (15, '7624581533554', 'Women Fur Jacket', '', '', 45.0, 29, 0, 0, '2026-02-08 12:06:07', 'c446fb1b-7da0-4cf8-aa3e-402b7defdd53', '15');
INSERT INTO products (id, barcode, name, category, brand, sell_price, stock_qty, low_stock_level, is_deleted, created_at, cloud_device_id, cloud_local_id) VALUES (16, '8204487567724', 'Spyder Jacket', '', '', 45.0, 24, 0, 0, '2026-02-08 12:52:11', 'c446fb1b-7da0-4cf8-aa3e-402b7defdd53', '16');
INSERT INTO products (id, barcode, name, category, brand, sell_price, stock_qty, low_stock_level, is_deleted, created_at, cloud_device_id, cloud_local_id) VALUES (17, '4098997979863', 'Fur Leather Jacket', '', '', 35.0, 12, 0, 0, '2026-02-08 12:56:31', 'c446fb1b-7da0-4cf8-aa3e-402b7defdd53', '17');
INSERT INTO products (id, barcode, name, category, brand, sell_price, stock_qty, low_stock_level, is_deleted, created_at, cloud_device_id, cloud_local_id) VALUES (18, '9167305684500', 'Short Women Jacket', '', '', 30.0, 29, 0, 0, '2026-02-08 13:53:17', 'c446fb1b-7da0-4cf8-aa3e-402b7defdd53', '18');
INSERT INTO products (id, barcode, name, category, brand, sell_price, stock_qty, low_stock_level, is_deleted, created_at, cloud_device_id, cloud_local_id) VALUES (19, '9823782343339', 'Women Leather Jacket', '', '', 35.0, 19, 0, 0, '2026-02-08 14:04:23', 'c446fb1b-7da0-4cf8-aa3e-402b7defdd53', '19');
INSERT INTO products (id, barcode, name, category, brand, sell_price, stock_qty, low_stock_level, is_deleted, created_at, cloud_device_id, cloud_local_id) VALUES (20, '0970979333624', 'Women Jacket Leather with hat', '', '', 40.0, 15, 0, 0, '2026-02-08 14:07:09', 'c446fb1b-7da0-4cf8-aa3e-402b7defdd53', '20');
INSERT INTO products (id, barcode, name, category, brand, sell_price, stock_qty, low_stock_level, is_deleted, created_at, cloud_device_id, cloud_local_id) VALUES (21, '0317736900932', 'Women Short Jacket', '', '', 35.0, 27, 0, 0, '2026-02-08 14:15:53', 'c446fb1b-7da0-4cf8-aa3e-402b7defdd53', '21');
INSERT INTO products (id, barcode, name, category, brand, sell_price, stock_qty, low_stock_level, is_deleted, created_at, cloud_device_id, cloud_local_id) VALUES (22, '9298526630943', 'gloves', 'Quick', '', 5.0, 0, 0, 1, '2026-02-09 13:03:39', 'c446fb1b-7da0-4cf8-aa3e-402b7defdd53', '22');
INSERT INTO products (id, barcode, name, category, brand, sell_price, stock_qty, low_stock_level, is_deleted, created_at, cloud_device_id, cloud_local_id) VALUES (23, '9773754825601', 'nike sweater', '', '', 15.0, 51, 0, 0, '2026-02-09 13:06:48', 'c446fb1b-7da0-4cf8-aa3e-402b7defdd53', '23');
INSERT INTO products (id, barcode, name, category, brand, sell_price, stock_qty, low_stock_level, is_deleted, created_at, cloud_device_id, cloud_local_id) VALUES (24, '9224652518107', 'nike sweater zip', '', '', 20.0, 63, 0, 0, '2026-02-09 13:07:07', 'c446fb1b-7da0-4cf8-aa3e-402b7defdd53', '24');
INSERT INTO products (id, barcode, name, category, brand, sell_price, stock_qty, low_stock_level, is_deleted, created_at, cloud_device_id, cloud_local_id) VALUES (25, '9021365381147', 'ensemble', 'Quick', '', 35.0, 44, 0, 0, '2026-02-09 14:19:51', 'c446fb1b-7da0-4cf8-aa3e-402b7defdd53', '25');
INSERT INTO products (id, barcode, name, category, brand, sell_price, stock_qty, low_stock_level, is_deleted, created_at, cloud_device_id, cloud_local_id) VALUES (26, '3221994089292', 'pants', 'Quick', '', 12.0, 0, 0, 1, '2026-02-09 14:19:51', 'c446fb1b-7da0-4cf8-aa3e-402b7defdd53', '26');
INSERT INTO products (id, barcode, name, category, brand, sell_price, stock_qty, low_stock_level, is_deleted, created_at, cloud_device_id, cloud_local_id) VALUES (27, '9334692024794', 'jacket', 'Quick', '', 22.5, 0, 0, 1, '2026-02-09 14:19:51', 'c446fb1b-7da0-4cf8-aa3e-402b7defdd53', '27');
INSERT INTO products (id, barcode, name, category, brand, sell_price, stock_qty, low_stock_level, is_deleted, created_at, cloud_device_id, cloud_local_id) VALUES (28, '9983825793870', 'jacket fur', 'Quick', '', 18.0, 0, 0, 1, '2026-02-09 14:19:51', 'c446fb1b-7da0-4cf8-aa3e-402b7defdd53', '28');
INSERT INTO products (id, barcode, name, category, brand, sell_price, stock_qty, low_stock_level, is_deleted, created_at, cloud_device_id, cloud_local_id) VALUES (29, '3943217768059', 'Long Jacket', '', '', 45.0, 20, 0, 0, '2026-02-11 16:42:25', 'c446fb1b-7da0-4cf8-aa3e-402b7defdd53', '29');
INSERT INTO products (id, barcode, name, category, brand, sell_price, stock_qty, low_stock_level, is_deleted, created_at, cloud_device_id, cloud_local_id) VALUES (30, '9795289986367', 'zara jeans', '', '', 30.0, 44, 0, 0, '2026-02-11 16:55:02', 'c446fb1b-7da0-4cf8-aa3e-402b7defdd53', '30');
INSERT INTO products (id, barcode, name, category, brand, sell_price, stock_qty, low_stock_level, is_deleted, created_at, cloud_device_id, cloud_local_id) VALUES (31, '3711112008682', 'jeans jacket', '', '', 25.0, 45, 0, 0, '2026-02-11 17:04:52', 'c446fb1b-7da0-4cf8-aa3e-402b7defdd53', '31');
INSERT INTO products (id, barcode, name, category, brand, sell_price, stock_qty, low_stock_level, is_deleted, created_at, cloud_device_id, cloud_local_id) VALUES (32, '5289835366382', 'jeans DK49', '', '', 30.0, 114, 0, 0, '2026-02-11 17:14:18', 'c446fb1b-7da0-4cf8-aa3e-402b7defdd53', '32');
INSERT INTO products (id, barcode, name, category, brand, sell_price, stock_qty, low_stock_level, is_deleted, created_at, cloud_device_id, cloud_local_id) VALUES (33, '8225658106054', 'Adidas Sports Jackett', '', '', 25.0, 28, 0, 0, '2026-02-13 10:54:23', 'c446fb1b-7da0-4cf8-aa3e-402b7defdd53', '33');
INSERT INTO products (id, barcode, name, category, brand, sell_price, stock_qty, low_stock_level, is_deleted, created_at, cloud_device_id, cloud_local_id) VALUES (34, '7099051138537', 'Women Pants 001', '', '', 15.0, 17, 0, 0, '2026-02-13 11:10:36', 'c446fb1b-7da0-4cf8-aa3e-402b7defdd53', '34');
INSERT INTO products (id, barcode, name, category, brand, sell_price, stock_qty, low_stock_level, is_deleted, created_at, cloud_device_id, cloud_local_id) VALUES (35, '9349557087081', 'Women Pants 002', '', '', 15.0, 16, 0, 0, '2026-02-13 11:32:15', 'c446fb1b-7da0-4cf8-aa3e-402b7defdd53', '35');
INSERT INTO products (id, barcode, name, category, brand, sell_price, stock_qty, low_stock_level, is_deleted, created_at, cloud_device_id, cloud_local_id) VALUES (36, '9546822455709', 'Womrn Pants (9212)', '', '', 15.0, 8, 0, 0, '2026-02-13 11:47:44', 'c446fb1b-7da0-4cf8-aa3e-402b7defdd53', '36');
INSERT INTO products (id, barcode, name, category, brand, sell_price, stock_qty, low_stock_level, is_deleted, created_at, cloud_device_id, cloud_local_id) VALUES (37, '1347132246043', 'women pants (8801)', '', '', 15.0, 7, 0, 0, '2026-02-13 11:59:31', 'c446fb1b-7da0-4cf8-aa3e-402b7defdd53', '37');
INSERT INTO products (id, barcode, name, category, brand, sell_price, stock_qty, low_stock_level, is_deleted, created_at, cloud_device_id, cloud_local_id) VALUES (38, '1199839432683', 'Women Pants (211)', '', '', 15.0, 7, 0, 0, '2026-02-13 12:03:28', 'c446fb1b-7da0-4cf8-aa3e-402b7defdd53', '38');
INSERT INTO products (id, barcode, name, category, brand, sell_price, stock_qty, low_stock_level, is_deleted, created_at, cloud_device_id, cloud_local_id) VALUES (39, '2102160041843', 'Women Pants (6808)', '', '', 15.0, 7, 0, 0, '2026-02-13 12:24:14', 'c446fb1b-7da0-4cf8-aa3e-402b7defdd53', '39');
INSERT INTO products (id, barcode, name, category, brand, sell_price, stock_qty, low_stock_level, is_deleted, created_at, cloud_device_id, cloud_local_id) VALUES (40, '8024474138542', 'Women Pants (906)', '', '', 15.0, 3, 0, 0, '2026-02-13 12:27:52', 'c446fb1b-7da0-4cf8-aa3e-402b7defdd53', '40');
INSERT INTO products (id, barcode, name, category, brand, sell_price, stock_qty, low_stock_level, is_deleted, created_at, cloud_device_id, cloud_local_id) VALUES (41, '1214901671507', 'women pants (206)', '', '', 15.0, 2, 0, 0, '2026-02-13 12:32:07', 'c446fb1b-7da0-4cf8-aa3e-402b7defdd53', '41');
INSERT INTO products (id, barcode, name, category, brand, sell_price, stock_qty, low_stock_level, is_deleted, created_at, cloud_device_id, cloud_local_id) VALUES (42, '5077918158524', 'Women Pants (4389)', '', '', 15.0, 15, 0, 0, '2026-02-13 12:53:05', 'c446fb1b-7da0-4cf8-aa3e-402b7defdd53', '42');
INSERT INTO products (id, barcode, name, category, brand, sell_price, stock_qty, low_stock_level, is_deleted, created_at, cloud_device_id, cloud_local_id) VALUES (43, '8742727844087', 'Women Pants (4401)', '', '', 15.0, 31, 0, 0, '2026-02-13 13:06:22', 'c446fb1b-7da0-4cf8-aa3e-402b7defdd53', '43');
INSERT INTO products (id, barcode, name, category, brand, sell_price, stock_qty, low_stock_level, is_deleted, created_at, cloud_device_id, cloud_local_id) VALUES (44, '8951459524604', 'Levis Men Jeans', '', '', 30.0, 33, 0, 0, '2026-02-13 15:42:27', 'c446fb1b-7da0-4cf8-aa3e-402b7defdd53', '44');
INSERT INTO products (id, barcode, name, category, brand, sell_price, stock_qty, low_stock_level, is_deleted, created_at, cloud_device_id, cloud_local_id) VALUES (45, '0089224557514', 'Tommy Men Jeans', '', '', 30.0, 6, 0, 0, '2026-02-13 15:43:00', 'c446fb1b-7da0-4cf8-aa3e-402b7defdd53', '45');
INSERT INTO products (id, barcode, name, category, brand, sell_price, stock_qty, low_stock_level, is_deleted, created_at, cloud_device_id, cloud_local_id) VALUES (46, '6085359470845', 'Lee Men Jeans', '', '', 30.0, 20, 0, 0, '2026-02-13 15:43:22', 'c446fb1b-7da0-4cf8-aa3e-402b7defdd53', '46');
INSERT INTO products (id, barcode, name, category, brand, sell_price, stock_qty, low_stock_level, is_deleted, created_at, cloud_device_id, cloud_local_id) VALUES (47, '0342251034053', 'Lacoste Men Jeans', '', '', 30.0, 18, 0, 0, '2026-02-13 15:43:43', 'c446fb1b-7da0-4cf8-aa3e-402b7defdd53', '47');
INSERT INTO products (id, barcode, name, category, brand, sell_price, stock_qty, low_stock_level, is_deleted, created_at, cloud_device_id, cloud_local_id) VALUES (48, '5372767603233', 'Gilet Women', '', '', 20.0, 43, 0, 0, '2026-02-14 13:38:02', 'c446fb1b-7da0-4cf8-aa3e-402b7defdd53', '48');
INSERT INTO products (id, barcode, name, category, brand, sell_price, stock_qty, low_stock_level, is_deleted, created_at, cloud_device_id, cloud_local_id) VALUES (49, '3149402513194', 'Child Jeans (B four)', '', '', 15.0, 35, 0, 0, '2026-02-14 15:28:39', 'c446fb1b-7da0-4cf8-aa3e-402b7defdd53', '49');
INSERT INTO products (id, barcode, name, category, brand, sell_price, stock_qty, low_stock_level, is_deleted, created_at, cloud_device_id, cloud_local_id) VALUES (50, '3374606119433', 'Child Jeans (508)', '', '', 15.0, 6, 0, 0, '2026-02-14 15:33:58', 'c446fb1b-7da0-4cf8-aa3e-402b7defdd53', '50');
INSERT INTO products (id, barcode, name, category, brand, sell_price, stock_qty, low_stock_level, is_deleted, created_at, cloud_device_id, cloud_local_id) VALUES (51, '6484131807396', 'Child Jeans (B four 2)', '', '', 15.0, 25, 0, 0, '2026-02-14 15:55:08', 'c446fb1b-7da0-4cf8-aa3e-402b7defdd53', '51');
INSERT INTO products (id, barcode, name, category, brand, sell_price, stock_qty, low_stock_level, is_deleted, created_at, cloud_device_id, cloud_local_id) VALUES (52, '3882123870671', 'Child Jeans (25)', '', '', 15.0, 34, 0, 0, '2026-02-14 16:05:03', 'c446fb1b-7da0-4cf8-aa3e-402b7defdd53', '52');
INSERT INTO products (id, barcode, name, category, brand, sell_price, stock_qty, low_stock_level, is_deleted, created_at, cloud_device_id, cloud_local_id) VALUES (53, '3529798689671', 'Child Jeans (517)', '', '', 15.0, 6, 0, 0, '2026-02-16 14:24:11', 'c446fb1b-7da0-4cf8-aa3e-402b7defdd53', '53');
INSERT INTO products (id, barcode, name, category, brand, sell_price, stock_qty, low_stock_level, is_deleted, created_at, cloud_device_id, cloud_local_id) VALUES (54, '7124048439097', 'Child Jeans (ido)', '', '', 15.0, 27, 0, 0, '2026-02-16 14:25:46', 'c446fb1b-7da0-4cf8-aa3e-402b7defdd53', '54');
INSERT INTO products (id, barcode, name, category, brand, sell_price, stock_qty, low_stock_level, is_deleted, created_at, cloud_device_id, cloud_local_id) VALUES (55, '7494087234213', 'Child Jeans (pasa)', '', '', 15.0, 6, 0, 0, '2026-02-16 14:27:57', 'c446fb1b-7da0-4cf8-aa3e-402b7defdd53', '55');
INSERT INTO products (id, barcode, name, category, brand, sell_price, stock_qty, low_stock_level, is_deleted, created_at, cloud_device_id, cloud_local_id) VALUES (56, '8661864728428', 'Child Jeans (3808)', '', '', 15.0, 6, 0, 0, '2026-02-16 14:29:13', 'c446fb1b-7da0-4cf8-aa3e-402b7defdd53', '56');
INSERT INTO products (id, barcode, name, category, brand, sell_price, stock_qty, low_stock_level, is_deleted, created_at, cloud_device_id, cloud_local_id) VALUES (57, '6867771139544', 'Child Jeans (biricik)', '', '', 15.0, 37, 0, 0, '2026-02-16 14:44:28', 'c446fb1b-7da0-4cf8-aa3e-402b7defdd53', '57');
INSERT INTO products (id, barcode, name, category, brand, sell_price, stock_qty, low_stock_level, is_deleted, created_at, cloud_device_id, cloud_local_id) VALUES (58, '3505347740246', 'Child Jeans (ido girl)', '', '', 15.0, 33, 0, 0, '2026-02-16 14:46:42', 'c446fb1b-7da0-4cf8-aa3e-402b7defdd53', '58');
INSERT INTO products (id, barcode, name, category, brand, sell_price, stock_qty, low_stock_level, is_deleted, created_at, cloud_device_id, cloud_local_id) VALUES (59, '1066884296723', 'Child Jeans (Elysa)', '', '', 15.0, 11, 0, 0, '2026-02-16 14:48:00', 'c446fb1b-7da0-4cf8-aa3e-402b7defdd53', '59');
INSERT INTO products (id, barcode, name, category, brand, sell_price, stock_qty, low_stock_level, is_deleted, created_at, cloud_device_id, cloud_local_id) VALUES (60, '2801454146898', 'Child Jeans (ido with belt)', '', '', 15.0, 24, 0, 0, '2026-02-16 14:50:54', 'c446fb1b-7da0-4cf8-aa3e-402b7defdd53', '60');
INSERT INTO products (id, barcode, name, category, brand, sell_price, stock_qty, low_stock_level, is_deleted, created_at, cloud_device_id, cloud_local_id) VALUES (61, '9134096685351', 'Child Jeans (onix)', '', '', 15.0, 17, 0, 0, '2026-02-16 14:53:10', 'c446fb1b-7da0-4cf8-aa3e-402b7defdd53', '61');
INSERT INTO products (id, barcode, name, category, brand, sell_price, stock_qty, low_stock_level, is_deleted, created_at, cloud_device_id, cloud_local_id) VALUES (62, '5116558654161', 'Child Jean (eleysa)', '', '', 18.0, 5, 0, 0, '2026-02-16 14:57:42', 'c446fb1b-7da0-4cf8-aa3e-402b7defdd53', '62');
INSERT INTO products (id, barcode, name, category, brand, sell_price, stock_qty, low_stock_level, is_deleted, created_at, cloud_device_id, cloud_local_id) VALUES (63, '3188737284447', 'Child Jeans (eloni)', '', '', 15.0, 21, 0, 0, '2026-02-16 15:45:34', 'c446fb1b-7da0-4cf8-aa3e-402b7defdd53', '63');
INSERT INTO products (id, barcode, name, category, brand, sell_price, stock_qty, low_stock_level, is_deleted, created_at, cloud_device_id, cloud_local_id) VALUES (64, '1494234340015', 'Child Jeans ( pasa girl)', '', '', 15.0, 7, 0, 0, '2026-02-16 15:49:05', 'c446fb1b-7da0-4cf8-aa3e-402b7defdd53', '64');
INSERT INTO products (id, barcode, name, category, brand, sell_price, stock_qty, low_stock_level, is_deleted, created_at, cloud_device_id, cloud_local_id) VALUES (65, '4263346706425', 'Child Jeans (jasmin)', '', '', 15.0, 28, 0, 0, '2026-02-16 15:51:00', 'c446fb1b-7da0-4cf8-aa3e-402b7defdd53', '65');
INSERT INTO products (id, barcode, name, category, brand, sell_price, stock_qty, low_stock_level, is_deleted, created_at, cloud_device_id, cloud_local_id) VALUES (66, '5883102614703', 'Child Jeans (Eloni big )', '', '', 18.0, 12, 0, 0, '2026-02-16 16:20:15', 'c446fb1b-7da0-4cf8-aa3e-402b7defdd53', '66');
INSERT INTO products (id, barcode, name, category, brand, sell_price, stock_qty, low_stock_level, is_deleted, created_at, cloud_device_id, cloud_local_id) VALUES (67, '4116146600779', 'Lacoste Bag (16-1)', '', '', 12.0, 5, 0, 0, '2026-02-16 16:25:50', 'c446fb1b-7da0-4cf8-aa3e-402b7defdd53', '67');
INSERT INTO products (id, barcode, name, category, brand, sell_price, stock_qty, low_stock_level, is_deleted, created_at, cloud_device_id, cloud_local_id) VALUES (68, '2634963110490', 'Lacoste Bag (19-4)', '', '', 12.0, 8, 0, 0, '2026-02-16 16:26:40', 'c446fb1b-7da0-4cf8-aa3e-402b7defdd53', '68');
INSERT INTO products (id, barcode, name, category, brand, sell_price, stock_qty, low_stock_level, is_deleted, created_at, cloud_device_id, cloud_local_id) VALUES (69, '1697862315138', 'Lacoste (18-8)', 'Lacoste (18-8)', '', 12.0, 7, 0, 0, '2026-02-16 16:27:09', 'c446fb1b-7da0-4cf8-aa3e-402b7defdd53', '69');
INSERT INTO products (id, barcode, name, category, brand, sell_price, stock_qty, low_stock_level, is_deleted, created_at, cloud_device_id, cloud_local_id) VALUES (70, '0291665499876', 'Waist Bag (6380)', '', '', 18.0, 9, 0, 0, '2026-02-16 16:29:12', 'c446fb1b-7da0-4cf8-aa3e-402b7defdd53', '70');
INSERT INTO products (id, barcode, name, category, brand, sell_price, stock_qty, low_stock_level, is_deleted, created_at, cloud_device_id, cloud_local_id) VALUES (71, '6031864280219', 'Waist Bag (6705)', '', '', 12.0, 9, 0, 0, '2026-02-16 16:30:00', 'c446fb1b-7da0-4cf8-aa3e-402b7defdd53', '71');
INSERT INTO products (id, barcode, name, category, brand, sell_price, stock_qty, low_stock_level, is_deleted, created_at, cloud_device_id, cloud_local_id) VALUES (72, '8518531248607', 'Waist Bag (6143)', '', '', 15.0, 2, 0, 0, '2026-02-16 16:30:27', 'c446fb1b-7da0-4cf8-aa3e-402b7defdd53', '72');
INSERT INTO products (id, barcode, name, category, brand, sell_price, stock_qty, low_stock_level, is_deleted, created_at, cloud_device_id, cloud_local_id) VALUES (73, '9404648069923', 'Waist Bag (7154)', '', '', 12.0, 6, 0, 0, '2026-02-16 16:31:02', 'c446fb1b-7da0-4cf8-aa3e-402b7defdd53', '73');
INSERT INTO products (id, barcode, name, category, brand, sell_price, stock_qty, low_stock_level, is_deleted, created_at, cloud_device_id, cloud_local_id) VALUES (74, '6043372206476', 'Waist Bag 6519', '', '', 20.0, 2, 0, 0, '2026-02-16 16:31:26', 'c446fb1b-7da0-4cf8-aa3e-402b7defdd53', '74');
INSERT INTO products (id, barcode, name, category, brand, sell_price, stock_qty, low_stock_level, is_deleted, created_at, cloud_device_id, cloud_local_id) VALUES (75, '8277308835791', 'Waist Bag 9131', '', '', 12.0, 1, 0, 0, '2026-02-16 16:31:44', 'c446fb1b-7da0-4cf8-aa3e-402b7defdd53', '75');
INSERT INTO products (id, barcode, name, category, brand, sell_price, stock_qty, low_stock_level, is_deleted, created_at, cloud_device_id, cloud_local_id) VALUES (76, '2072823251066', 'Waist Bag 6830', '', '', 18.0, 9, 0, 0, '2026-02-16 16:32:10', 'c446fb1b-7da0-4cf8-aa3e-402b7defdd53', '76');
INSERT INTO products (id, barcode, name, category, brand, sell_price, stock_qty, low_stock_level, is_deleted, created_at, cloud_device_id, cloud_local_id) VALUES (77, '2871576380371', 'Waist Bag 6386', '', '', 20.0, 17, 0, 0, '2026-02-16 16:33:57', 'c446fb1b-7da0-4cf8-aa3e-402b7defdd53', '77');
INSERT INTO products (id, barcode, name, category, brand, sell_price, stock_qty, low_stock_level, is_deleted, created_at, cloud_device_id, cloud_local_id) VALUES (78, '8337750852866', 'Waist Bag 9135', '', '', 12.0, 4, 0, 0, '2026-02-16 16:34:23', 'c446fb1b-7da0-4cf8-aa3e-402b7defdd53', '78');
INSERT INTO products (id, barcode, name, category, brand, sell_price, stock_qty, low_stock_level, is_deleted, created_at, cloud_device_id, cloud_local_id) VALUES (79, '4039064636098', 'Waist Bag 2343', '', '', 20.0, 3, 0, 0, '2026-02-16 16:34:47', 'c446fb1b-7da0-4cf8-aa3e-402b7defdd53', '79');
INSERT INTO products (id, barcode, name, category, brand, sell_price, stock_qty, low_stock_level, is_deleted, created_at, cloud_device_id, cloud_local_id) VALUES (80, '9488655131583', 'Waist Bag 305', '', '', 12.0, 3, 0, 0, '2026-02-16 16:35:13', 'c446fb1b-7da0-4cf8-aa3e-402b7defdd53', '80');
INSERT INTO products (id, barcode, name, category, brand, sell_price, stock_qty, low_stock_level, is_deleted, created_at, cloud_device_id, cloud_local_id) VALUES (81, '6898619885071', 'Waist Bag 033', '', '', 12.0, 2, 0, 0, '2026-02-16 16:35:40', 'c446fb1b-7da0-4cf8-aa3e-402b7defdd53', '81');
INSERT INTO products (id, barcode, name, category, brand, sell_price, stock_qty, low_stock_level, is_deleted, created_at, cloud_device_id, cloud_local_id) VALUES (82, '0661556939277', 'Waist Bag 9121', '', '', 18.0, 1, 0, 0, '2026-02-16 16:35:54', 'c446fb1b-7da0-4cf8-aa3e-402b7defdd53', '82');
INSERT INTO products (id, barcode, name, category, brand, sell_price, stock_qty, low_stock_level, is_deleted, created_at, cloud_device_id, cloud_local_id) VALUES (83, '9420486773525', 'Big Towel', '', '', 10.0, 18, 0, 0, '2026-02-27 12:06:05', 'c446fb1b-7da0-4cf8-aa3e-402b7defdd53', '83');
INSERT INTO products (id, barcode, name, category, brand, sell_price, stock_qty, low_stock_level, is_deleted, created_at, cloud_device_id, cloud_local_id) VALUES (84, '7333495685906', 'Zip Dress', '', '', 20.0, 10, 0, 0, '2026-02-27 12:21:22', 'c446fb1b-7da0-4cf8-aa3e-402b7defdd53', '84');
INSERT INTO products (id, barcode, name, category, brand, sell_price, stock_qty, low_stock_level, is_deleted, created_at, cloud_device_id, cloud_local_id) VALUES (85, '3791960482124', 'Jacket Jeans kid', '', '', 15.0, 27, 0, 0, '2026-02-28 11:27:24', 'c446fb1b-7da0-4cf8-aa3e-402b7defdd53', '85');
INSERT INTO products (id, barcode, name, category, brand, sell_price, stock_qty, low_stock_level, is_deleted, created_at, cloud_device_id, cloud_local_id) VALUES (86, '3551091179573', 'Jacket Jeans (Snoppy)', '', '', 20.0, 10, 0, 0, '2026-02-28 12:13:45', 'c446fb1b-7da0-4cf8-aa3e-402b7defdd53', '86');
INSERT INTO products (id, barcode, name, category, brand, sell_price, stock_qty, low_stock_level, is_deleted, created_at, cloud_device_id, cloud_local_id) VALUES (87, '0646682750651', 'Suit Child', '', '', 45.0, 17, 0, 0, '2026-02-28 12:24:35', 'c446fb1b-7da0-4cf8-aa3e-402b7defdd53', '87');
INSERT INTO products (id, barcode, name, category, brand, sell_price, stock_qty, low_stock_level, is_deleted, created_at, cloud_device_id, cloud_local_id) VALUES (88, '6708803708225', 'Jackt Blazer (kids)', '', '', 20.0, 55, 0, 0, '2026-02-28 12:40:03', 'c446fb1b-7da0-4cf8-aa3e-402b7defdd53', '88');
INSERT INTO products (id, barcode, name, category, brand, sell_price, stock_qty, low_stock_level, is_deleted, created_at, cloud_device_id, cloud_local_id) VALUES (89, '1301737292560', 'Amis (sellfie)', '', '', 15.0, 8, 0, 0, '2026-02-28 15:34:00', 'c446fb1b-7da0-4cf8-aa3e-402b7defdd53', '89');
INSERT INTO products (id, barcode, name, category, brand, sell_price, stock_qty, low_stock_level, is_deleted, created_at, cloud_device_id, cloud_local_id) VALUES (90, '0881852813242', 'Amis (mixlife)', '', '', 15.0, 3, 0, 0, '2026-02-28 15:37:04', 'c446fb1b-7da0-4cf8-aa3e-402b7defdd53', '90');
INSERT INTO products (id, barcode, name, category, brand, sell_price, stock_qty, low_stock_level, is_deleted, created_at, cloud_device_id, cloud_local_id) VALUES (91, '2162910312227', 'Amis (First)', '', '', 15.0, 9, 0, 0, '2026-02-28 15:40:29', 'c446fb1b-7da0-4cf8-aa3e-402b7defdd53', '91');
INSERT INTO products (id, barcode, name, category, brand, sell_price, stock_qty, low_stock_level, is_deleted, created_at, cloud_device_id, cloud_local_id) VALUES (92, '0506180555670', 'Amis Jeans', '', '', 12.0, 7, 0, 0, '2026-02-28 15:48:46', 'c446fb1b-7da0-4cf8-aa3e-402b7defdd53', '92');
INSERT INTO products (id, barcode, name, category, brand, sell_price, stock_qty, low_stock_level, is_deleted, created_at, cloud_device_id, cloud_local_id) VALUES (93, '0431911260021', 'Jacket w tshirt', '', '', 20.0, 20, 0, 0, '2026-02-28 16:19:19', 'c446fb1b-7da0-4cf8-aa3e-402b7defdd53', '93');
INSERT INTO products (id, barcode, name, category, brand, sell_price, stock_qty, low_stock_level, is_deleted, created_at, cloud_device_id, cloud_local_id) VALUES (94, '9689775887712', 'Jacket n Tshirt', '', '', 30.0, 3, 0, 0, '2026-02-28 16:30:05', 'c446fb1b-7da0-4cf8-aa3e-402b7defdd53', '94');
INSERT INTO products (id, barcode, name, category, brand, sell_price, stock_qty, low_stock_level, is_deleted, created_at, cloud_device_id, cloud_local_id) VALUES (95, '7634354495934', 'Boss Set', '', '', 30.0, 14, 0, 0, '2026-02-28 16:34:42', 'c446fb1b-7da0-4cf8-aa3e-402b7defdd53', '95');
INSERT INTO products (id, barcode, name, category, brand, sell_price, stock_qty, low_stock_level, is_deleted, created_at, cloud_device_id, cloud_local_id) VALUES (96, '3144637006107', 'jeans kid set', '', '', 28.0, 16, 0, 0, '2026-02-28 16:42:01', 'c446fb1b-7da0-4cf8-aa3e-402b7defdd53', '96');
INSERT INTO products (id, barcode, name, category, brand, sell_price, stock_qty, low_stock_level, is_deleted, created_at, cloud_device_id, cloud_local_id) VALUES (97, '3245609006191', 'Kids Jeans Set (dm)', '', '', 35.0, 8, 0, 0, '2026-03-07 12:35:27', 'c446fb1b-7da0-4cf8-aa3e-402b7defdd53', '97');
INSERT INTO products (id, barcode, name, category, brand, sell_price, stock_qty, low_stock_level, is_deleted, created_at, cloud_device_id, cloud_local_id) VALUES (98, '1637419710276', 'Kids Set (dm)', '', '', 22.0, 13, 0, 0, '2026-03-07 12:36:33', 'c446fb1b-7da0-4cf8-aa3e-402b7defdd53', '98');
INSERT INTO products (id, barcode, name, category, brand, sell_price, stock_qty, low_stock_level, is_deleted, created_at, cloud_device_id, cloud_local_id) VALUES (99, '5966098756746', 'Kids Set (Lessot)', '', '', 30.0, 6, 0, 0, '2026-03-07 14:40:00', 'c446fb1b-7da0-4cf8-aa3e-402b7defdd53', '99');
INSERT INTO products (id, barcode, name, category, brand, sell_price, stock_qty, low_stock_level, is_deleted, created_at, cloud_device_id, cloud_local_id) VALUES (100, '7285541213215', 'Kids Set (50544)', '', '', 25.0, 4, 0, 0, '2026-03-07 14:46:01', 'c446fb1b-7da0-4cf8-aa3e-402b7defdd53', '100');
INSERT INTO products (id, barcode, name, category, brand, sell_price, stock_qty, low_stock_level, is_deleted, created_at, cloud_device_id, cloud_local_id) VALUES (101, '7687837428172', 'Kids Set (50527)', '', '', 30.0, 10, 0, 0, '2026-03-07 14:47:36', 'c446fb1b-7da0-4cf8-aa3e-402b7defdd53', '101');
INSERT INTO products (id, barcode, name, category, brand, sell_price, stock_qty, low_stock_level, is_deleted, created_at, cloud_device_id, cloud_local_id) VALUES (102, '8763613062286', 'Kids Set (Mincirik)', '', '', 30.0, 12, 0, 0, '2026-03-07 14:50:20', 'c446fb1b-7da0-4cf8-aa3e-402b7defdd53', '102');
INSERT INTO products (id, barcode, name, category, brand, sell_price, stock_qty, low_stock_level, is_deleted, created_at, cloud_device_id, cloud_local_id) VALUES (103, '3838366770292', 'Kids Set (Rimini)', '', '', 22.0, 5, 0, 0, '2026-03-07 14:53:54', 'c446fb1b-7da0-4cf8-aa3e-402b7defdd53', '103');
INSERT INTO products (id, barcode, name, category, brand, sell_price, stock_qty, low_stock_level, is_deleted, created_at, cloud_device_id, cloud_local_id) VALUES (104, '3225410095386', 'Kids Set (2435)', '', '', 25.0, 5, 0, 0, '2026-03-07 14:57:06', 'c446fb1b-7da0-4cf8-aa3e-402b7defdd53', '104');
INSERT INTO products (id, barcode, name, category, brand, sell_price, stock_qty, low_stock_level, is_deleted, created_at, cloud_device_id, cloud_local_id) VALUES (105, '1709817414756', 'Kids  Set (2418)', '', '', 38.0, 0, 0, 0, '2026-03-07 15:06:23', 'c446fb1b-7da0-4cf8-aa3e-402b7defdd53', '105');
INSERT INTO products (id, barcode, name, category, brand, sell_price, stock_qty, low_stock_level, is_deleted, created_at, cloud_device_id, cloud_local_id) VALUES (106, '3427092349157', 'Kids Set Burberry', '', '', 45.0, 1, 0, 0, '2026-03-07 15:08:02', 'c446fb1b-7da0-4cf8-aa3e-402b7defdd53', '106');
INSERT INTO products (id, barcode, name, category, brand, sell_price, stock_qty, low_stock_level, is_deleted, created_at, cloud_device_id, cloud_local_id) VALUES (107, '1982810501689', 'Girl Set (Sealy)', '', '', 20.0, 6, 0, 0, '2026-03-07 15:10:34', 'c446fb1b-7da0-4cf8-aa3e-402b7defdd53', '107');
INSERT INTO products (id, barcode, name, category, brand, sell_price, stock_qty, low_stock_level, is_deleted, created_at, cloud_device_id, cloud_local_id) VALUES (108, '2549558491871', 'Girl Set (mia)', '', '', 30.0, 3, 0, 0, '2026-03-07 15:11:45', 'c446fb1b-7da0-4cf8-aa3e-402b7defdd53', '108');
INSERT INTO products (id, barcode, name, category, brand, sell_price, stock_qty, low_stock_level, is_deleted, created_at, cloud_device_id, cloud_local_id) VALUES (109, '7849738883904', 'Girl Set (mia luc)', '', '', 28.0, 8, 0, 0, '2026-03-07 15:13:02', 'c446fb1b-7da0-4cf8-aa3e-402b7defdd53', '109');
INSERT INTO products (id, barcode, name, category, brand, sell_price, stock_qty, low_stock_level, is_deleted, created_at, cloud_device_id, cloud_local_id) VALUES (110, '7416479196688', 'Girl Set (Pampal)', '', '', 24.0, 9, 0, 0, '2026-03-07 15:32:42', 'c446fb1b-7da0-4cf8-aa3e-402b7defdd53', '110');
INSERT INTO products (id, barcode, name, category, brand, sell_price, stock_qty, low_stock_level, is_deleted, created_at, cloud_device_id, cloud_local_id) VALUES (111, '3335937074808', 'Girl Set  (sealy b)', '', '', 22.0, 12, 0, 0, '2026-03-07 15:34:57', 'c446fb1b-7da0-4cf8-aa3e-402b7defdd53', '111');
INSERT INTO products (id, barcode, name, category, brand, sell_price, stock_qty, low_stock_level, is_deleted, created_at, cloud_device_id, cloud_local_id) VALUES (112, '0524346488358', 'Girl Set (Ecoo)', '', '', 15.0, 4, 0, 0, '2026-03-07 15:35:50', 'c446fb1b-7da0-4cf8-aa3e-402b7defdd53', '112');
INSERT INTO products (id, barcode, name, category, brand, sell_price, stock_qty, low_stock_level, is_deleted, created_at, cloud_device_id, cloud_local_id) VALUES (113, '9086830403847', 'Girl Set  (Jasmin)', '', '', 25.0, 3, 0, 0, '2026-03-07 15:36:37', 'c446fb1b-7da0-4cf8-aa3e-402b7defdd53', '113');
INSERT INTO products (id, barcode, name, category, brand, sell_price, stock_qty, low_stock_level, is_deleted, created_at, cloud_device_id, cloud_local_id) VALUES (114, '8039099490913', 'Girl Set (MISS)', '', '', 45.0, 4, 0, 0, '2026-03-07 15:37:36', 'c446fb1b-7da0-4cf8-aa3e-402b7defdd53', '114');
INSERT INTO products (id, barcode, name, category, brand, sell_price, stock_qty, low_stock_level, is_deleted, created_at, cloud_device_id, cloud_local_id) VALUES (115, '1538004133848', 'Girl Set (Olix)', '', '', 25.0, 9, 0, 0, '2026-03-07 15:41:31', 'c446fb1b-7da0-4cf8-aa3e-402b7defdd53', '115');
INSERT INTO products (id, barcode, name, category, brand, sell_price, stock_qty, low_stock_level, is_deleted, created_at, cloud_device_id, cloud_local_id) VALUES (116, '6303559759950', 'Girl dressoverall', '', '', 25.0, 4, 0, 0, '2026-03-07 15:42:53', 'c446fb1b-7da0-4cf8-aa3e-402b7defdd53', '116');
INSERT INTO products (id, barcode, name, category, brand, sell_price, stock_qty, low_stock_level, is_deleted, created_at, cloud_device_id, cloud_local_id) VALUES (117, '7310788008314', 'Girl Set (Vera)', '', '', 38.0, 3, 0, 0, '2026-03-07 15:46:27', 'c446fb1b-7da0-4cf8-aa3e-402b7defdd53', '117');
INSERT INTO products (id, barcode, name, category, brand, sell_price, stock_qty, low_stock_level, is_deleted, created_at, cloud_device_id, cloud_local_id) VALUES (118, '3678650730348', 'Girl Set (carmina)', '', '', 28.0, 2, 0, 0, '2026-03-07 15:48:14', 'c446fb1b-7da0-4cf8-aa3e-402b7defdd53', '118');
INSERT INTO products (id, barcode, name, category, brand, sell_price, stock_qty, low_stock_level, is_deleted, created_at, cloud_device_id, cloud_local_id) VALUES (119, '8038606543265', 'Girl Set (Carmina)', '', '', 25.0, 6, 0, 0, '2026-03-07 15:48:28', 'c446fb1b-7da0-4cf8-aa3e-402b7defdd53', '119');
INSERT INTO products (id, barcode, name, category, brand, sell_price, stock_qty, low_stock_level, is_deleted, created_at, cloud_device_id, cloud_local_id) VALUES (120, '8015771308721', 'Girl Set (Paloe)', '', '', 30.0, 3, 0, 0, '2026-03-07 15:56:34', 'c446fb1b-7da0-4cf8-aa3e-402b7defdd53', '120');
INSERT INTO products (id, barcode, name, category, brand, sell_price, stock_qty, low_stock_level, is_deleted, created_at, cloud_device_id, cloud_local_id) VALUES (121, '6446386547519', 'Girl Set (carmina)', '', '', 15.0, 7, 0, 0, '2026-03-07 15:59:52', 'c446fb1b-7da0-4cf8-aa3e-402b7defdd53', '121');
INSERT INTO products (id, barcode, name, category, brand, sell_price, stock_qty, low_stock_level, is_deleted, created_at, cloud_device_id, cloud_local_id) VALUES (122, '4559361926314', 'Women Amis w Jacket', '', '', 20.0, 19, 0, 0, '2026-03-07 16:04:26', 'c446fb1b-7da0-4cf8-aa3e-402b7defdd53', '122');
INSERT INTO products (id, barcode, name, category, brand, sell_price, stock_qty, low_stock_level, is_deleted, created_at, cloud_device_id, cloud_local_id) VALUES (123, '6684499764380', 'Girl Set (Dodi)', '', '', 15.0, 8, 0, 0, '2026-03-07 16:05:32', 'c446fb1b-7da0-4cf8-aa3e-402b7defdd53', '123');
INSERT INTO products (id, barcode, name, category, brand, sell_price, stock_qty, low_stock_level, is_deleted, created_at, cloud_device_id, cloud_local_id) VALUES (124, '6998328636206', 'Women Amis (Ruul)', '', '', 15.0, 5, 0, 0, '2026-03-07 16:21:31', 'c446fb1b-7da0-4cf8-aa3e-402b7defdd53', '124');
INSERT INTO products (id, barcode, name, category, brand, sell_price, stock_qty, low_stock_level, is_deleted, created_at, cloud_device_id, cloud_local_id) VALUES (125, '1159645986527', 'amis (polox)', '', '', 20.0, 6, 0, 0, '2026-03-07 16:23:37', 'c446fb1b-7da0-4cf8-aa3e-402b7defdd53', '125');
INSERT INTO products (id, barcode, name, category, brand, sell_price, stock_qty, low_stock_level, is_deleted, created_at, cloud_device_id, cloud_local_id) VALUES (126, '8607815055328', 'Girl Dress (878)', '', '', 25.0, 6, 0, 0, '2026-03-08 10:54:17', 'c446fb1b-7da0-4cf8-aa3e-402b7defdd53', '126');
INSERT INTO products (id, barcode, name, category, brand, sell_price, stock_qty, low_stock_level, is_deleted, created_at, cloud_device_id, cloud_local_id) VALUES (127, '8168880892831', 'Girl Dress (4740)', '', '', 25.0, 8, 0, 0, '2026-03-08 10:56:08', 'c446fb1b-7da0-4cf8-aa3e-402b7defdd53', '127');
INSERT INTO products (id, barcode, name, category, brand, sell_price, stock_qty, low_stock_level, is_deleted, created_at, cloud_device_id, cloud_local_id) VALUES (128, '2575122318190', 'Girl Set (4400)', '', '', 28.0, 4, 0, 0, '2026-03-08 10:58:24', 'c446fb1b-7da0-4cf8-aa3e-402b7defdd53', '128');
INSERT INTO products (id, barcode, name, category, brand, sell_price, stock_qty, low_stock_level, is_deleted, created_at, cloud_device_id, cloud_local_id) VALUES (129, '9271091837849', 'Girl Dress (465)', '', '', 20.0, 6, 0, 0, '2026-03-08 11:04:16', 'c446fb1b-7da0-4cf8-aa3e-402b7defdd53', '129');
INSERT INTO products (id, barcode, name, category, brand, sell_price, stock_qty, low_stock_level, is_deleted, created_at, cloud_device_id, cloud_local_id) VALUES (130, '4137592793891', 'Girl Dress (4736)', '', '', 25.0, 4, 0, 0, '2026-03-08 11:05:35', 'c446fb1b-7da0-4cf8-aa3e-402b7defdd53', '130');
INSERT INTO products (id, barcode, name, category, brand, sell_price, stock_qty, low_stock_level, is_deleted, created_at, cloud_device_id, cloud_local_id) VALUES (131, '4665170004072', 'Girl Dress  (5237)', '', '', 20.0, 4, 0, 0, '2026-03-08 11:08:00', 'c446fb1b-7da0-4cf8-aa3e-402b7defdd53', '131');
INSERT INTO products (id, barcode, name, category, brand, sell_price, stock_qty, low_stock_level, is_deleted, created_at, cloud_device_id, cloud_local_id) VALUES (132, '8598733744077', 'Girl Set (12338)', '', '', 28.0, 8, 0, 0, '2026-03-08 11:10:48', 'c446fb1b-7da0-4cf8-aa3e-402b7defdd53', '132');
INSERT INTO products (id, barcode, name, category, brand, sell_price, stock_qty, low_stock_level, is_deleted, created_at, cloud_device_id, cloud_local_id) VALUES (133, '3620085681887', 'Girl Dress (417)', '', '', 20.0, 2, 0, 0, '2026-03-08 11:14:56', 'c446fb1b-7da0-4cf8-aa3e-402b7defdd53', '133');
INSERT INTO products (id, barcode, name, category, brand, sell_price, stock_qty, low_stock_level, is_deleted, created_at, cloud_device_id, cloud_local_id) VALUES (134, '2462593661088', 'Girl Dress (13503)', '', '', 25.0, 12, 0, 0, '2026-03-08 11:16:32', 'c446fb1b-7da0-4cf8-aa3e-402b7defdd53', '134');
INSERT INTO products (id, barcode, name, category, brand, sell_price, stock_qty, low_stock_level, is_deleted, created_at, cloud_device_id, cloud_local_id) VALUES (135, '9913169678427', 'Girl Set (00442)', '', '', 28.0, 3, 0, 0, '2026-03-08 11:18:09', 'c446fb1b-7da0-4cf8-aa3e-402b7defdd53', '135');
INSERT INTO products (id, barcode, name, category, brand, sell_price, stock_qty, low_stock_level, is_deleted, created_at, cloud_device_id, cloud_local_id) VALUES (136, '1365219872831', 'Kids Set(618)', '', '', 20.0, 15, 0, 0, '2026-03-08 11:22:35', 'c446fb1b-7da0-4cf8-aa3e-402b7defdd53', '136');
INSERT INTO products (id, barcode, name, category, brand, sell_price, stock_qty, low_stock_level, is_deleted, created_at, cloud_device_id, cloud_local_id) VALUES (137, '2029726036733', 'Kids Set (7069)', '', '', 28.0, 8, 0, 0, '2026-03-08 11:24:15', 'c446fb1b-7da0-4cf8-aa3e-402b7defdd53', '137');
INSERT INTO products (id, barcode, name, category, brand, sell_price, stock_qty, low_stock_level, is_deleted, created_at, cloud_device_id, cloud_local_id) VALUES (138, '3004266495645', 'Sport Jacket (3068)', '', '', 25.0, 1, 0, 0, '2026-03-09 11:10:46', 'c446fb1b-7da0-4cf8-aa3e-402b7defdd53', '138');
INSERT INTO products (id, barcode, name, category, brand, sell_price, stock_qty, low_stock_level, is_deleted, created_at, cloud_device_id, cloud_local_id) VALUES (139, '1172814613482', 'Men Jeans Turkish', '', '', 18.0, 311, 0, 0, '2026-03-09 12:07:11', 'c446fb1b-7da0-4cf8-aa3e-402b7defdd53', '139');
INSERT INTO products (id, barcode, name, category, brand, sell_price, stock_qty, low_stock_level, is_deleted, created_at, cloud_device_id, cloud_local_id) VALUES (140, '0224851148548', 'Pants Sevet', '', '', 15.0, 73, 0, 0, '2026-03-09 12:14:11', 'c446fb1b-7da0-4cf8-aa3e-402b7defdd53', '140');
INSERT INTO products (id, barcode, name, category, brand, sell_price, stock_qty, low_stock_level, is_deleted, created_at, cloud_device_id, cloud_local_id) VALUES (141, '9092132774004', 'Tshirt', 'Quick', '', 13.0, 0, 0, 1, '2026-03-09 15:56:22', 'c446fb1b-7da0-4cf8-aa3e-402b7defdd53', '141');
INSERT INTO products (id, barcode, name, category, brand, sell_price, stock_qty, low_stock_level, is_deleted, created_at, cloud_device_id, cloud_local_id) VALUES (142, '1767322265126', 'Italian Amis  Women', '', '', 20.0, 117, 0, 0, '2026-03-11 13:27:15', 'c446fb1b-7da0-4cf8-aa3e-402b7defdd53', '142');
INSERT INTO products (id, barcode, name, category, brand, sell_price, stock_qty, low_stock_level, is_deleted, created_at, cloud_device_id, cloud_local_id) VALUES (143, '3626297495861', 'Men Jeans (CN)', '', '', 25.0, 271, 0, 0, '2026-03-11 14:02:15', 'c446fb1b-7da0-4cf8-aa3e-402b7defdd53', '143');
INSERT INTO products (id, barcode, name, category, brand, sell_price, stock_qty, low_stock_level, is_deleted, created_at, cloud_device_id, cloud_local_id) VALUES (144, '8720379543022', 'Women Blazer-1', '', '', 25.0, 12, 0, 0, '2026-03-13 11:58:27', 'c446fb1b-7da0-4cf8-aa3e-402b7defdd53', '144');
INSERT INTO products (id, barcode, name, category, brand, sell_price, stock_qty, low_stock_level, is_deleted, created_at, cloud_device_id, cloud_local_id) VALUES (145, '9447985055501', 'Pants Servet -2', '', '', 10.0, 28, 0, 0, '2026-03-13 12:13:18', 'c446fb1b-7da0-4cf8-aa3e-402b7defdd53', '145');
INSERT INTO products (id, barcode, name, category, brand, sell_price, stock_qty, low_stock_level, is_deleted, created_at, cloud_device_id, cloud_local_id) VALUES (146, '7908056366800', 'pants', 'Quick', '', 18.0, 0, 0, 1, '2026-03-13 13:14:15', 'c446fb1b-7da0-4cf8-aa3e-402b7defdd53', '146');
INSERT INTO products (id, barcode, name, category, brand, sell_price, stock_qty, low_stock_level, is_deleted, created_at, cloud_device_id, cloud_local_id) VALUES (147, '7052367299439', 'socks', 'Quick', '', 3.0, 0, 0, 1, '2026-03-13 13:31:01', 'c446fb1b-7da0-4cf8-aa3e-402b7defdd53', '147');
INSERT INTO products (id, barcode, name, category, brand, sell_price, stock_qty, low_stock_level, is_deleted, created_at, cloud_device_id, cloud_local_id) VALUES (148, '1763402352816', 'Italian Blouse', '', '', 10.0, 27, 0, 0, '2026-03-15 11:15:59', 'c446fb1b-7da0-4cf8-aa3e-402b7defdd53', '148');
INSERT INTO products (id, barcode, name, category, brand, sell_price, stock_qty, low_stock_level, is_deleted, created_at, cloud_device_id, cloud_local_id) VALUES (149, '0552904406155', 'Men Sport Sweat Pants', '', '', 25.0, 88, 0, 0, '2026-03-16 11:25:53', 'c446fb1b-7da0-4cf8-aa3e-402b7defdd53', '149');
INSERT INTO products (id, barcode, name, category, brand, sell_price, stock_qty, low_stock_level, is_deleted, created_at, cloud_device_id, cloud_local_id) VALUES (150, '6979098549972', 'Mens Sport Swear Pants', 'Quick', '', 25.0, 0, 0, 1, '2026-03-16 11:42:51', 'c446fb1b-7da0-4cf8-aa3e-402b7defdd53', '150');
INSERT INTO products (id, barcode, name, category, brand, sell_price, stock_qty, low_stock_level, is_deleted, created_at, cloud_device_id, cloud_local_id) VALUES (151, '8824170017574', 'mens sports item', 'Quick', '', 25.0, 0, 0, 1, '2026-03-16 11:43:37', 'c446fb1b-7da0-4cf8-aa3e-402b7defdd53', '151');
INSERT INTO products (id, barcode, name, category, brand, sell_price, stock_qty, low_stock_level, is_deleted, created_at, cloud_device_id, cloud_local_id) VALUES (152, '1580363665409', 'miss p', 'Quick', '', 25.0, 0, 0, 1, '2026-03-16 11:48:41', 'c446fb1b-7da0-4cf8-aa3e-402b7defdd53', '152');
INSERT INTO products (id, barcode, name, category, brand, sell_price, stock_qty, low_stock_level, is_deleted, created_at, cloud_device_id, cloud_local_id) VALUES (153, '7994925980543', 'jeans', 'Quick', '', 25.0, 0, 0, 1, '2026-03-16 14:24:03', 'c446fb1b-7da0-4cf8-aa3e-402b7defdd53', '153');
INSERT INTO products (id, barcode, name, category, brand, sell_price, stock_qty, low_stock_level, is_deleted, created_at, cloud_device_id, cloud_local_id) VALUES (154, '9691409004013', 'kanze', 'Quick', '', 8.0, 0, 0, 1, '2026-03-16 14:24:04', 'c446fb1b-7da0-4cf8-aa3e-402b7defdd53', '154');
INSERT INTO products (id, barcode, name, category, brand, sell_price, stock_qty, low_stock_level, is_deleted, created_at, cloud_device_id, cloud_local_id) VALUES (155, '3174926985554', 'bra', 'Quick', '', 5.0, 0, 0, 1, '2026-03-16 14:24:04', 'c446fb1b-7da0-4cf8-aa3e-402b7defdd53', '155');
INSERT INTO products (id, barcode, name, category, brand, sell_price, stock_qty, low_stock_level, is_deleted, created_at, cloud_device_id, cloud_local_id) VALUES (156, '1237861274282', 'Women Jeans (9969)', '', '', 18.0, 24, 0, 1, '2026-03-17 17:58:20', 'c446fb1b-7da0-4cf8-aa3e-402b7defdd53', '156');
INSERT INTO products (id, barcode, name, category, brand, sell_price, stock_qty, low_stock_level, is_deleted, created_at, cloud_device_id, cloud_local_id) VALUES (157, '1237861274281', 'Women Jeans (9969)', 'Quick', '', 18.0, 24, 0, 0, '2026-03-17 18:03:57', 'c446fb1b-7da0-4cf8-aa3e-402b7defdd53', '157');
INSERT INTO products (id, barcode, name, category, brand, sell_price, stock_qty, low_stock_level, is_deleted, created_at, cloud_device_id, cloud_local_id) VALUES (158, '1230199877892', '1', '', '', 1.0, 0, 0, 1, '2026-03-17 18:08:56', 'c446fb1b-7da0-4cf8-aa3e-402b7defdd53', '158');
INSERT INTO products (id, barcode, name, category, brand, sell_price, stock_qty, low_stock_level, is_deleted, created_at, cloud_device_id, cloud_local_id) VALUES (159, '1578835545830', '2', '', '', 1.0, 1, 0, 1, '2026-03-18 11:43:10', 'c446fb1b-7da0-4cf8-aa3e-402b7defdd53', '159');
INSERT INTO products (id, barcode, name, category, brand, sell_price, stock_qty, low_stock_level, is_deleted, created_at, cloud_device_id, cloud_local_id) VALUES (160, '7502054393396', 'Kanze Bols', 'Quick', '', 10.0, 0, 0, 1, '2026-03-18 12:03:42', 'c446fb1b-7da0-4cf8-aa3e-402b7defdd53', '160');
INSERT INTO products (id, barcode, name, category, brand, sell_price, stock_qty, low_stock_level, is_deleted, created_at, cloud_device_id, cloud_local_id) VALUES (161, '5588930801812', 'Survet', 'Quick', '', 28.0, 0, 0, 1, '2026-03-18 12:03:42', 'c446fb1b-7da0-4cf8-aa3e-402b7defdd53', '161');
INSERT INTO products (id, barcode, name, category, brand, sell_price, stock_qty, low_stock_level, is_deleted, created_at, cloud_device_id, cloud_local_id) VALUES (162, '5947589970933', 'Skirt Jeans', '', '', 15.0, 9, 0, 0, '2026-03-18 12:19:29', 'c446fb1b-7da0-4cf8-aa3e-402b7defdd53', '162');
INSERT INTO products (id, barcode, name, category, brand, sell_price, stock_qty, low_stock_level, is_deleted, created_at, cloud_device_id, cloud_local_id) VALUES (163, '3790073091964', 'short overall Jeans', '', '', 20.0, 2, 0, 0, '2026-03-18 12:22:11', 'c446fb1b-7da0-4cf8-aa3e-402b7defdd53', '163');
INSERT INTO products (id, barcode, name, category, brand, sell_price, stock_qty, low_stock_level, is_deleted, created_at, cloud_device_id, cloud_local_id) VALUES (164, '6923798489885', 'Nike Pants', '', '', 15.0, 58, 0, 0, '2026-03-18 12:28:07', 'c446fb1b-7da0-4cf8-aa3e-402b7defdd53', '164');
INSERT INTO products (id, barcode, name, category, brand, sell_price, stock_qty, low_stock_level, is_deleted, created_at, cloud_device_id, cloud_local_id) VALUES (165, '8877090734809', 'kANZE', 'Quick', '', 10.0, 0, 0, 1, '2026-03-18 13:22:55', 'c446fb1b-7da0-4cf8-aa3e-402b7defdd53', '165');
INSERT INTO products (id, barcode, name, category, brand, sell_price, stock_qty, low_stock_level, is_deleted, created_at, cloud_device_id, cloud_local_id) VALUES (166, '4803532443392', 'Pant (1023)', '', '', 10.0, 7, 0, 0, '2026-03-18 16:40:28', 'c446fb1b-7da0-4cf8-aa3e-402b7defdd53', '166');
INSERT INTO products (id, barcode, name, category, brand, sell_price, stock_qty, low_stock_level, is_deleted, created_at, cloud_device_id, cloud_local_id) VALUES (167, '4892842614295', 'Pants (613)', '', '', 12.0, 3, 0, 0, '2026-03-18 16:45:10', 'c446fb1b-7da0-4cf8-aa3e-402b7defdd53', '167');
INSERT INTO products (id, barcode, name, category, brand, sell_price, stock_qty, low_stock_level, is_deleted, created_at, cloud_device_id, cloud_local_id) VALUES (168, '4841533989242', 'Men Sports Pants', '', '', 15.0, 108, 0, 0, '2026-03-18 16:46:04', 'c446fb1b-7da0-4cf8-aa3e-402b7defdd53', '168');
INSERT INTO products (id, barcode, name, category, brand, sell_price, stock_qty, low_stock_level, is_deleted, created_at, cloud_device_id, cloud_local_id) VALUES (169, '1882231562361', 'Women Ufo', '', '', 15.0, 22, 0, 0, '2026-03-18 16:48:07', 'c446fb1b-7da0-4cf8-aa3e-402b7defdd53', '169');
INSERT INTO products (id, barcode, name, category, brand, sell_price, stock_qty, low_stock_level, is_deleted, created_at, cloud_device_id, cloud_local_id) VALUES (170, '4380116155037', 'Men Sport Pants', '', '', 20.0, 73, 0, 0, '2026-03-18 16:49:05', 'c446fb1b-7da0-4cf8-aa3e-402b7defdd53', '170');
INSERT INTO products (id, barcode, name, category, brand, sell_price, stock_qty, low_stock_level, is_deleted, created_at, cloud_device_id, cloud_local_id) VALUES (171, '8208392484718', 'Women Set', '', '', 25.0, 28, 0, 0, '2026-03-18 17:49:31', 'c446fb1b-7da0-4cf8-aa3e-402b7defdd53', '171');
INSERT INTO products (id, barcode, name, category, brand, sell_price, stock_qty, low_stock_level, is_deleted, created_at, cloud_device_id, cloud_local_id) VALUES (172, '3603112678876', 'Women Set 8128', '', '', 25.0, 5, 0, 0, '2026-03-18 17:57:31', 'c446fb1b-7da0-4cf8-aa3e-402b7defdd53', '172');
INSERT INTO products (id, barcode, name, category, brand, sell_price, stock_qty, low_stock_level, is_deleted, created_at, cloud_device_id, cloud_local_id) VALUES (173, '7275560442352', 'Adidas Sport Set', '', '', 15.0, 37, 0, 0, '2026-03-20 11:11:31', 'c446fb1b-7da0-4cf8-aa3e-402b7defdd53', '173');
INSERT INTO products (id, barcode, name, category, brand, sell_price, stock_qty, low_stock_level, is_deleted, created_at, cloud_device_id, cloud_local_id) VALUES (174, '4532942239560', 'Pants Survet', '', '', 15.0, 38, 0, 0, '2026-03-20 11:37:43', 'c446fb1b-7da0-4cf8-aa3e-402b7defdd53', '174');
INSERT INTO products (id, barcode, name, category, brand, sell_price, stock_qty, low_stock_level, is_deleted, created_at, cloud_device_id, cloud_local_id) VALUES (175, '8687394796270', 'Adidas Sport Short Set', '', '', 12.0, 23, 0, 0, '2026-03-20 12:37:26', 'c446fb1b-7da0-4cf8-aa3e-402b7defdd53', '175');
INSERT INTO products (id, barcode, name, category, brand, sell_price, stock_qty, low_stock_level, is_deleted, created_at, cloud_device_id, cloud_local_id) VALUES (176, '3609971974753', 'Ufo Child', '', '', 12.0, 75, 0, 0, '2026-03-21 13:09:59', 'c446fb1b-7da0-4cf8-aa3e-402b7defdd53', '176');
INSERT INTO products (id, barcode, name, category, brand, sell_price, stock_qty, low_stock_level, is_deleted, created_at, cloud_device_id, cloud_local_id) VALUES (177, '2330912889676', 'Jeans Ufo', '', '', 18.0, 23, 0, 0, '2026-03-21 13:19:10', 'c446fb1b-7da0-4cf8-aa3e-402b7defdd53', '177');
INSERT INTO products (id, barcode, name, category, brand, sell_price, stock_qty, low_stock_level, is_deleted, created_at, cloud_device_id, cloud_local_id) VALUES (178, '9456183588568', 'Boxer', 'Quick', '', 2.5, 0, 0, 1, '2026-03-21 16:29:56', 'c446fb1b-7da0-4cf8-aa3e-402b7defdd53', '178');
INSERT INTO products (id, barcode, name, category, brand, sell_price, stock_qty, low_stock_level, is_deleted, created_at, cloud_device_id, cloud_local_id) VALUES (179, '1025671159016', 'fanala', 'Quick', '', 3.0, 0, 0, 1, '2026-03-21 16:29:56', 'c446fb1b-7da0-4cf8-aa3e-402b7defdd53', '179');
INSERT INTO products (id, barcode, name, category, brand, sell_price, stock_qty, low_stock_level, is_deleted, created_at, cloud_device_id, cloud_local_id) VALUES (180, '7171766038248', 'tshirt', 'Quick', '', 10.0, 0, 0, 1, '2026-03-21 16:29:57', 'c446fb1b-7da0-4cf8-aa3e-402b7defdd53', '180');
INSERT INTO products (id, barcode, name, category, brand, sell_price, stock_qty, low_stock_level, is_deleted, created_at, cloud_device_id, cloud_local_id) VALUES (181, '5921539726269', 'Shoes', 'Quick', '', 21.0, 0, 0, 1, '2026-03-21 16:29:57', 'c446fb1b-7da0-4cf8-aa3e-402b7defdd53', '181');
INSERT INTO products (id, barcode, name, category, brand, sell_price, stock_qty, low_stock_level, is_deleted, created_at, cloud_device_id, cloud_local_id) VALUES (182, '1189105535194', 'Crop Top Girl', '', '', 5.0, 24, 0, 0, '2026-04-02 11:55:38', 'c446fb1b-7da0-4cf8-aa3e-402b7defdd53', '182');
INSERT INTO products (id, barcode, name, category, brand, sell_price, stock_qty, low_stock_level, is_deleted, created_at, cloud_device_id, cloud_local_id) VALUES (183, '1059210584830', 'Hat', '', '', 5.0, 24, 0, 0, '2026-04-02 12:14:22', 'c446fb1b-7da0-4cf8-aa3e-402b7defdd53', '183');
INSERT INTO products (id, barcode, name, category, brand, sell_price, stock_qty, low_stock_level, is_deleted, created_at, cloud_device_id, cloud_local_id) VALUES (184, '4034560868851', 'Cap', '', '', 128.0, 0, 0, 1, '2026-04-02 12:24:51', 'c446fb1b-7da0-4cf8-aa3e-402b7defdd53', '184');
INSERT INTO products (id, barcode, name, category, brand, sell_price, stock_qty, low_stock_level, is_deleted, created_at, cloud_device_id, cloud_local_id) VALUES (185, '1331141722834', 'Cap', '', '', 4.0, 127, 0, 0, '2026-04-02 12:26:18', 'c446fb1b-7da0-4cf8-aa3e-402b7defdd53', '185');
INSERT INTO products (id, barcode, name, category, brand, sell_price, stock_qty, low_stock_level, is_deleted, created_at, cloud_device_id, cloud_local_id) VALUES (186, '2733550351954', 'Tshirt', '', '', 12.0, 129, 0, 0, '2026-04-02 16:50:03', 'c446fb1b-7da0-4cf8-aa3e-402b7defdd53', '186');
INSERT INTO products (id, barcode, name, category, brand, sell_price, stock_qty, low_stock_level, is_deleted, created_at, cloud_device_id, cloud_local_id) VALUES (187, '8695712651262', 'Women Jeans', '', '', 18.0, 100, 0, 0, '2026-04-04 16:33:26', 'c446fb1b-7da0-4cf8-aa3e-402b7defdd53', '187');
INSERT INTO products (id, barcode, name, category, brand, sell_price, stock_qty, low_stock_level, is_deleted, created_at, cloud_device_id, cloud_local_id) VALUES (188, '3941387003390', 'Shorts Men', '', '', 10.0, 32, 0, 0, '2026-04-09 11:07:38', 'c446fb1b-7da0-4cf8-aa3e-402b7defdd53', '188');
INSERT INTO products (id, barcode, name, category, brand, sell_price, stock_qty, low_stock_level, is_deleted, created_at, cloud_device_id, cloud_local_id) VALUES (189, '2971839964802', 'Shorts Men 9115', '', '', 10.0, 15, 0, 0, '2026-04-09 11:33:49', 'c446fb1b-7da0-4cf8-aa3e-402b7defdd53', '189');
INSERT INTO products (id, barcode, name, category, brand, sell_price, stock_qty, low_stock_level, is_deleted, created_at, cloud_device_id, cloud_local_id) VALUES (190, '8330255536118', 'Shorts Men 253', '', '', 10.0, 16, 0, 0, '2026-04-09 11:34:28', 'c446fb1b-7da0-4cf8-aa3e-402b7defdd53', '190');
INSERT INTO products (id, barcode, name, category, brand, sell_price, stock_qty, low_stock_level, is_deleted, created_at, cloud_device_id, cloud_local_id) VALUES (191, '7534717745839', 'Jeans Big Size', '', '', 18.0, 12, 0, 0, '2026-04-09 11:40:24', 'c446fb1b-7da0-4cf8-aa3e-402b7defdd53', '191');
INSERT INTO products (id, barcode, name, category, brand, sell_price, stock_qty, low_stock_level, is_deleted, created_at, cloud_device_id, cloud_local_id) VALUES (192, '7544909534233', 'Men Short 9036', '', '', 10.0, 10, 0, 0, '2026-04-09 12:08:37', 'c446fb1b-7da0-4cf8-aa3e-402b7defdd53', '192');
INSERT INTO products (id, barcode, name, category, brand, sell_price, stock_qty, low_stock_level, is_deleted, created_at, cloud_device_id, cloud_local_id) VALUES (193, '1160421223668', 'Men Shorts 20621', '', '', 10.0, 16, 0, 0, '2026-04-09 12:09:16', 'c446fb1b-7da0-4cf8-aa3e-402b7defdd53', '193');
INSERT INTO products (id, barcode, name, category, brand, sell_price, stock_qty, low_stock_level, is_deleted, created_at, cloud_device_id, cloud_local_id) VALUES (194, '5156487796143', 'UnderArmour Pants', '', '', 15.0, 16, 0, 0, '2026-04-09 12:18:52', 'c446fb1b-7da0-4cf8-aa3e-402b7defdd53', '194');
INSERT INTO products (id, barcode, name, category, brand, sell_price, stock_qty, low_stock_level, is_deleted, created_at, cloud_device_id, cloud_local_id) VALUES (195, '1708795131822', 'Pants Men P39', '', '', 15.0, 14, 0, 0, '2026-04-09 12:32:20', 'c446fb1b-7da0-4cf8-aa3e-402b7defdd53', '195');
INSERT INTO products (id, barcode, name, category, brand, sell_price, stock_qty, low_stock_level, is_deleted, created_at, cloud_device_id, cloud_local_id) VALUES (196, '5175692709687', 'Pants Men P40', '', '', 15.0, 10, 0, 0, '2026-04-09 12:34:32', 'c446fb1b-7da0-4cf8-aa3e-402b7defdd53', '196');
INSERT INTO products (id, barcode, name, category, brand, sell_price, stock_qty, low_stock_level, is_deleted, created_at, cloud_device_id, cloud_local_id) VALUES (197, '5219459537271', 'Mens Short 20627', '', '', 10.0, 15, 0, 0, '2026-04-09 12:44:42', 'c446fb1b-7da0-4cf8-aa3e-402b7defdd53', '197');
INSERT INTO products (id, barcode, name, category, brand, sell_price, stock_qty, low_stock_level, is_deleted, created_at, cloud_device_id, cloud_local_id) VALUES (198, '7571239011745', 'Mens Pants 7356', '', '', 15.0, 26, 0, 0, '2026-04-09 13:43:20', 'c446fb1b-7da0-4cf8-aa3e-402b7defdd53', '198');
INSERT INTO products (id, barcode, name, category, brand, sell_price, stock_qty, low_stock_level, is_deleted, created_at, cloud_device_id, cloud_local_id) VALUES (199, '4502606770746', 'Women Butterfly Jeans', '', '', 15.0, 55, 0, 0, '2026-04-11 13:01:29', 'c446fb1b-7da0-4cf8-aa3e-402b7defdd53', '199');
INSERT INTO products (id, barcode, name, category, brand, sell_price, stock_qty, low_stock_level, is_deleted, created_at, cloud_device_id, cloud_local_id) VALUES (200, '9559987209155', 'Jeans Salopat Stars', '', '', 15.0, 21, 0, 0, '2026-04-12 10:57:20', 'c446fb1b-7da0-4cf8-aa3e-402b7defdd53', '200');
INSERT INTO products (id, barcode, name, category, brand, sell_price, stock_qty, low_stock_level, is_deleted, created_at, cloud_device_id, cloud_local_id) VALUES (201, '2442364826113', 'Jeans Salopat', '', '', 25.0, 20, 0, 0, '2026-04-12 10:58:15', 'c446fb1b-7da0-4cf8-aa3e-402b7defdd53', '201');
INSERT INTO products (id, barcode, name, category, brand, sell_price, stock_qty, low_stock_level, is_deleted, created_at, cloud_device_id, cloud_local_id) VALUES (202, '7989828517590', 'Jeans Women', '', '', 15.0, 57, 0, 0, '2026-04-13 14:16:06', 'c446fb1b-7da0-4cf8-aa3e-402b7defdd53', '202');
INSERT INTO products (id, barcode, name, category, brand, sell_price, stock_qty, low_stock_level, is_deleted, created_at, cloud_device_id, cloud_local_id) VALUES (203, '5575663624559', 'Polo Kids', '', '', 12.0, 94, 0, 0, '2026-04-19 12:06:57', 'c446fb1b-7da0-4cf8-aa3e-402b7defdd53', '203');
INSERT INTO products (id, barcode, name, category, brand, sell_price, stock_qty, low_stock_level, is_deleted, created_at, cloud_device_id, cloud_local_id) VALUES (204, '3013033024926', 'Polo Short', '', '', 12.0, 45, 0, 0, '2026-04-19 12:49:34', 'c446fb1b-7da0-4cf8-aa3e-402b7defdd53', '204');
INSERT INTO products (id, barcode, name, category, brand, sell_price, stock_qty, low_stock_level, is_deleted, created_at, cloud_device_id, cloud_local_id) VALUES (205, '3157332176747', 'Shirt Kids', '', '', 10.0, 50, 0, 0, '2026-04-19 13:22:01', 'c446fb1b-7da0-4cf8-aa3e-402b7defdd53', '205');
INSERT INTO products (id, barcode, name, category, brand, sell_price, stock_qty, low_stock_level, is_deleted, created_at, cloud_device_id, cloud_local_id) VALUES (206, '6329223017300', 'Sports Shirt', '', '', 15.0, 247, 0, 0, '2026-04-24 14:59:46', 'c446fb1b-7da0-4cf8-aa3e-402b7defdd53', '206');
INSERT INTO products (id, barcode, name, category, brand, sell_price, stock_qty, low_stock_level, is_deleted, created_at, cloud_device_id, cloud_local_id) VALUES (207, '7171407827101', 'Women Jeans', '', '', 15.0, 88, 0, 0, '2026-04-24 15:05:03', 'c446fb1b-7da0-4cf8-aa3e-402b7defdd53', '207');
INSERT INTO products (id, barcode, name, category, brand, sell_price, stock_qty, low_stock_level, is_deleted, created_at, cloud_device_id, cloud_local_id) VALUES (208, '6080342132250', 'Men Shorts', '', '', 12.0, 137, 0, 0, '2026-04-24 15:23:36', 'c446fb1b-7da0-4cf8-aa3e-402b7defdd53', '208');
INSERT INTO products (id, barcode, name, category, brand, sell_price, stock_qty, low_stock_level, is_deleted, created_at, cloud_device_id, cloud_local_id) VALUES (209, '3194783581478', 'Kids set', '', '', 15.0, 48, 0, 0, '2026-04-24 16:15:55', 'c446fb1b-7da0-4cf8-aa3e-402b7defdd53', '209');
INSERT INTO products (id, barcode, name, category, brand, sell_price, stock_qty, low_stock_level, is_deleted, created_at, cloud_device_id, cloud_local_id) VALUES (210, '7649006786896', 'Women Jeans', '', '', 12.0, 146, 0, 0, '2026-04-24 16:20:02', 'c446fb1b-7da0-4cf8-aa3e-402b7defdd53', '210');
INSERT INTO products (id, barcode, name, category, brand, sell_price, stock_qty, low_stock_level, is_deleted, created_at, cloud_device_id, cloud_local_id) VALUES (211, '1667654902433', 'Girl Set Almila', '', '', 10.0, 17, 0, 0, '2026-04-25 11:54:16', 'c446fb1b-7da0-4cf8-aa3e-402b7defdd53', '211');
INSERT INTO products (id, barcode, name, category, brand, sell_price, stock_qty, low_stock_level, is_deleted, created_at, cloud_device_id, cloud_local_id) VALUES (212, '7392170570623', 'Girl Set Almila', '', '', 12.0, 24, 0, 0, '2026-04-25 11:55:29', 'c446fb1b-7da0-4cf8-aa3e-402b7defdd53', '212');
INSERT INTO products (id, barcode, name, category, brand, sell_price, stock_qty, low_stock_level, is_deleted, created_at, cloud_device_id, cloud_local_id) VALUES (213, '1450884238058', 'Ufo Y9667', '', '', 10.0, 8, 0, 0, '2026-04-25 12:00:28', 'c446fb1b-7da0-4cf8-aa3e-402b7defdd53', '213');
INSERT INTO products (id, barcode, name, category, brand, sell_price, stock_qty, low_stock_level, is_deleted, created_at, cloud_device_id, cloud_local_id) VALUES (214, '1414467536269', 'Boy Cargo Shorts', '', '', 10.0, 41, 0, 0, '2026-04-25 12:03:08', 'c446fb1b-7da0-4cf8-aa3e-402b7defdd53', '214');
INSERT INTO products (id, barcode, name, category, brand, sell_price, stock_qty, low_stock_level, is_deleted, created_at, cloud_device_id, cloud_local_id) VALUES (215, '7182276456033', 'Short 891', '', '', 15.0, 14, 0, 0, '2026-04-25 12:30:24', 'c446fb1b-7da0-4cf8-aa3e-402b7defdd53', '215');
INSERT INTO products (id, barcode, name, category, brand, sell_price, stock_qty, low_stock_level, is_deleted, created_at, cloud_device_id, cloud_local_id) VALUES (216, '1701286451089', 'kids Pants', '', '', 15.0, 53, 0, 0, '2026-04-25 12:31:00', 'c446fb1b-7da0-4cf8-aa3e-402b7defdd53', '216');
INSERT INTO products (id, barcode, name, category, brand, sell_price, stock_qty, low_stock_level, is_deleted, created_at, cloud_device_id, cloud_local_id) VALUES (217, '1916774380103', 'Sport Ishirt', '', '', 15.0, 82, 0, 0, '2026-04-25 13:30:27', 'c446fb1b-7da0-4cf8-aa3e-402b7defdd53', '217');
INSERT INTO products (id, barcode, name, category, brand, sell_price, stock_qty, low_stock_level, is_deleted, created_at, cloud_device_id, cloud_local_id) VALUES (218, '1311174968935', 'Women Set', '', '', 15.0, 14, 0, 0, '2026-04-25 15:59:01', 'c446fb1b-7da0-4cf8-aa3e-402b7defdd53', '218');
INSERT INTO products (id, barcode, name, category, brand, sell_price, stock_qty, low_stock_level, is_deleted, created_at, cloud_device_id, cloud_local_id) VALUES (219, '1978974543801', 'Women Pants 7303', '', '', 8.0, 103, 0, 0, '2026-04-25 16:25:51', 'c446fb1b-7da0-4cf8-aa3e-402b7defdd53', '219');
INSERT INTO products (id, barcode, name, category, brand, sell_price, stock_qty, low_stock_level, is_deleted, created_at, cloud_device_id, cloud_local_id) VALUES (220, '1926876486146', 'Women Swim Suit', '', '', 25.0, 80, 0, 0, '2026-05-01 16:18:10', 'c446fb1b-7da0-4cf8-aa3e-402b7defdd53', '220');
INSERT INTO products (id, barcode, name, category, brand, sell_price, stock_qty, low_stock_level, is_deleted, created_at, cloud_device_id, cloud_local_id) VALUES (221, '6847219371330', 'cotton shorts', '', '', 15.0, 158, 0, 0, '2026-05-04 11:55:38', 'c446fb1b-7da0-4cf8-aa3e-402b7defdd53', '221');
INSERT INTO products (id, barcode, name, category, brand, sell_price, stock_qty, low_stock_level, is_deleted, created_at, cloud_device_id, cloud_local_id) VALUES (222, '8045072358118', 'pants lenin', '', '', 25.0, 119, 0, 0, '2026-05-04 12:11:31', 'c446fb1b-7da0-4cf8-aa3e-402b7defdd53', '222');
INSERT INTO products (id, barcode, name, category, brand, sell_price, stock_qty, low_stock_level, is_deleted, created_at, cloud_device_id, cloud_local_id) VALUES (223, '5584937065356', 'short lenin', '', '', 20.0, 49, 0, 0, '2026-05-04 12:11:58', 'c446fb1b-7da0-4cf8-aa3e-402b7defdd53', '223');
INSERT INTO products (id, barcode, name, category, brand, sell_price, stock_qty, low_stock_level, is_deleted, created_at, cloud_device_id, cloud_local_id) VALUES (224, '1008432812290', 'ON pants survet', '', '', 15.0, 124, 0, 0, '2026-05-05 18:00:02', 'c446fb1b-7da0-4cf8-aa3e-402b7defdd53', '224');
INSERT INTO products (id, barcode, name, category, brand, sell_price, stock_qty, low_stock_level, is_deleted, created_at, cloud_device_id, cloud_local_id) VALUES (225, '7729144947479', 'Ishirt Men', '', '', 15.0, 8, 0, 0, '2026-05-07 11:45:56', 'c446fb1b-7da0-4cf8-aa3e-402b7defdd53', '225');
INSERT INTO products (id, barcode, name, category, brand, sell_price, stock_qty, low_stock_level, is_deleted, created_at, cloud_device_id, cloud_local_id) VALUES (226, '1238009121627', 'Short Jeans', '', '', 10.0, 48, 0, 0, '2026-05-07 11:53:33', 'c446fb1b-7da0-4cf8-aa3e-402b7defdd53', '226');
INSERT INTO products (id, barcode, name, category, brand, sell_price, stock_qty, low_stock_level, is_deleted, created_at, cloud_device_id, cloud_local_id) VALUES (227, '2886592555900', 'Ufo Girl', '', '', 12.0, 130, 0, 0, '2026-05-07 14:10:11', 'c446fb1b-7da0-4cf8-aa3e-402b7defdd53', '227');
INSERT INTO products (id, barcode, name, category, brand, sell_price, stock_qty, low_stock_level, is_deleted, created_at, cloud_device_id, cloud_local_id) VALUES (228, '7789920858412', 'ufo girl', '', '', 10.0, 5, 0, 0, '2026-05-07 14:12:23', 'c446fb1b-7da0-4cf8-aa3e-402b7defdd53', '228');
INSERT INTO products (id, barcode, name, category, brand, sell_price, stock_qty, low_stock_level, is_deleted, created_at, cloud_device_id, cloud_local_id) VALUES (229, '1748682904009', 'Ishirt Men', '', '', 12.0, 52, 0, 0, '2026-05-07 14:25:01', 'c446fb1b-7da0-4cf8-aa3e-402b7defdd53', '229');
INSERT INTO products (id, barcode, name, category, brand, sell_price, stock_qty, low_stock_level, is_deleted, created_at, cloud_device_id, cloud_local_id) VALUES (230, '7479817613148', 'Shirt Sport', '', '', 12.0, 44, 0, 0, '2026-05-07 14:26:12', 'c446fb1b-7da0-4cf8-aa3e-402b7defdd53', '230');
INSERT INTO products (id, barcode, name, category, brand, sell_price, stock_qty, low_stock_level, is_deleted, created_at, cloud_device_id, cloud_local_id) VALUES (231, '8871962333923', 'pyjama kids', '', '', 15.0, 47, 0, 0, '2026-05-07 14:45:48', 'c446fb1b-7da0-4cf8-aa3e-402b7defdd53', '231');
INSERT INTO products (id, barcode, name, category, brand, sell_price, stock_qty, low_stock_level, is_deleted, created_at, cloud_device_id, cloud_local_id) VALUES (232, '2788283162841', 'pyjama kids', '', '', 10.0, 55, 0, 0, '2026-05-07 14:59:29', 'c446fb1b-7da0-4cf8-aa3e-402b7defdd53', '232');
INSERT INTO products (id, barcode, name, category, brand, sell_price, stock_qty, low_stock_level, is_deleted, created_at, cloud_device_id, cloud_local_id) VALUES (233, '3698705984502', 'Parachute Pants', '', '', 15.0, 10, 0, 0, '2026-05-07 15:37:40', 'c446fb1b-7da0-4cf8-aa3e-402b7defdd53', '233');
INSERT INTO products (id, barcode, name, category, brand, sell_price, stock_qty, low_stock_level, is_deleted, created_at, cloud_device_id, cloud_local_id) VALUES (234, '1202322161561', 'Short Sport', '', '', 15.0, 20, 0, 0, '2026-05-07 15:43:54', 'c446fb1b-7da0-4cf8-aa3e-402b7defdd53', '234');
INSERT INTO products (id, barcode, name, category, brand, sell_price, stock_qty, low_stock_level, is_deleted, created_at, cloud_device_id, cloud_local_id) VALUES (235, '8949255567130', 'Short Sport', '', '', 12.0, 50, 0, 0, '2026-05-07 15:45:45', 'c446fb1b-7da0-4cf8-aa3e-402b7defdd53', '235');
INSERT INTO products (id, barcode, name, category, brand, sell_price, stock_qty, low_stock_level, is_deleted, created_at, cloud_device_id, cloud_local_id) VALUES (236, '4379531161778', 'Ufo Men', '', '', 15.0, 168, 0, 0, '2026-05-07 15:57:31', 'c446fb1b-7da0-4cf8-aa3e-402b7defdd53', '236');
INSERT INTO products (id, barcode, name, category, brand, sell_price, stock_qty, low_stock_level, is_deleted, created_at, cloud_device_id, cloud_local_id) VALUES (237, '4275721265380', 'Pants Ketten', '', '', 15.0, 135, 0, 0, '2026-05-07 16:04:25', 'c446fb1b-7da0-4cf8-aa3e-402b7defdd53', '237');
INSERT INTO products (id, barcode, name, category, brand, sell_price, stock_qty, low_stock_level, is_deleted, created_at, cloud_device_id, cloud_local_id) VALUES (238, '2423900991489', 'Stick Bra', '', '', 8.0, 12, 0, 0, '2026-05-09 12:26:22', 'c446fb1b-7da0-4cf8-aa3e-402b7defdd53', '238');
INSERT INTO products (id, barcode, name, category, brand, sell_price, stock_qty, low_stock_level, is_deleted, created_at, cloud_device_id, cloud_local_id) VALUES (239, '1518434518507', 'Sticky Bra', '', '', 5.0, 23, 0, 0, '2026-05-09 12:50:28', 'c446fb1b-7da0-4cf8-aa3e-402b7defdd53', '239');
INSERT INTO products (id, barcode, name, category, brand, sell_price, stock_qty, low_stock_level, is_deleted, created_at, cloud_device_id, cloud_local_id) VALUES (240, '8753140022013', 'Dress', '', '', 15.0, 51, 0, 0, '2026-05-10 15:55:44', 'c446fb1b-7da0-4cf8-aa3e-402b7defdd53', '240');
INSERT INTO products (id, barcode, name, category, brand, sell_price, stock_qty, low_stock_level, is_deleted, created_at, cloud_device_id, cloud_local_id) VALUES (241, '4284828723877', 'Basic Dress', '', '', 20.0, 30, 0, 0, '2026-05-10 16:06:39', 'c446fb1b-7da0-4cf8-aa3e-402b7defdd53', '241');
INSERT INTO products (id, barcode, name, category, brand, sell_price, stock_qty, low_stock_level, is_deleted, created_at, cloud_device_id, cloud_local_id) VALUES (242, '9234916969149', 'Short Dress', '', '', 15.0, 49, 0, 0, '2026-05-10 16:16:47', 'c446fb1b-7da0-4cf8-aa3e-402b7defdd53', '242');
INSERT INTO products (id, barcode, name, category, brand, sell_price, stock_qty, low_stock_level, is_deleted, created_at, cloud_device_id, cloud_local_id) VALUES (243, '0629668425385', 'Men Tshirt Big Size', '', '', 18.0, 39, 0, 0, '2026-05-11 11:24:22', 'c446fb1b-7da0-4cf8-aa3e-402b7defdd53', '243');
INSERT INTO products (id, barcode, name, category, brand, sell_price, stock_qty, low_stock_level, is_deleted, created_at, cloud_device_id, cloud_local_id) VALUES (244, '6434146158037', 'Tshirt Men', '', '', 15.0, 98, 0, 0, '2026-05-11 11:28:23', 'c446fb1b-7da0-4cf8-aa3e-402b7defdd53', '244');
INSERT INTO products (id, barcode, name, category, brand, sell_price, stock_qty, low_stock_level, is_deleted, created_at, cloud_device_id, cloud_local_id) VALUES (245, '0684751956993', 'Jeans Dress 8838', '', '', 20.0, 18, 0, 0, '2026-05-11 11:29:07', 'c446fb1b-7da0-4cf8-aa3e-402b7defdd53', '245');
INSERT INTO products (id, barcode, name, category, brand, sell_price, stock_qty, low_stock_level, is_deleted, created_at, cloud_device_id, cloud_local_id) VALUES (246, '9748903933636', 'Jeans Dress 2613', '', '', 20.0, 12, 0, 0, '2026-05-11 11:29:50', 'c446fb1b-7da0-4cf8-aa3e-402b7defdd53', '246');
INSERT INTO products (id, barcode, name, category, brand, sell_price, stock_qty, low_stock_level, is_deleted, created_at, cloud_device_id, cloud_local_id) VALUES (247, '8575563329643', 'Dress 7421', '', '', 25.0, 1, 0, 0, '2026-05-11 11:33:24', 'c446fb1b-7da0-4cf8-aa3e-402b7defdd53', '247');
INSERT INTO products (id, barcode, name, category, brand, sell_price, stock_qty, low_stock_level, is_deleted, created_at, cloud_device_id, cloud_local_id) VALUES (248, '0234331259244', 'Overall 8030', '', '', 12.0, 10, 0, 0, '2026-05-11 11:39:52', 'c446fb1b-7da0-4cf8-aa3e-402b7defdd53', '248');
INSERT INTO products (id, barcode, name, category, brand, sell_price, stock_qty, low_stock_level, is_deleted, created_at, cloud_device_id, cloud_local_id) VALUES (249, '5121800581188', '1', '', '', 1.0, 0, 0, 1, '2026-05-11 11:45:54', 'c446fb1b-7da0-4cf8-aa3e-402b7defdd53', '249');
INSERT INTO products (id, barcode, name, category, brand, sell_price, stock_qty, low_stock_level, is_deleted, created_at, cloud_device_id, cloud_local_id) VALUES (250, '8985911807660', 'Women Set 250610', '', '', 35.0, 15, 0, 0, '2026-05-11 11:50:41', 'c446fb1b-7da0-4cf8-aa3e-402b7defdd53', '250');
INSERT INTO products (id, barcode, name, category, brand, sell_price, stock_qty, low_stock_level, is_deleted, created_at, cloud_device_id, cloud_local_id) VALUES (251, '1798986088752', 'Women Set 8809', '', '', 15.0, 19, 0, 0, '2026-05-11 15:34:16', 'c446fb1b-7da0-4cf8-aa3e-402b7defdd53', '251');
INSERT INTO products (id, barcode, name, category, brand, sell_price, stock_qty, low_stock_level, is_deleted, created_at, cloud_device_id, cloud_local_id) VALUES (252, '3797511680322', 'Overall 8033', '', '', 15.0, 6, 0, 0, '2026-05-11 15:40:59', 'c446fb1b-7da0-4cf8-aa3e-402b7defdd53', '252');
INSERT INTO products (id, barcode, name, category, brand, sell_price, stock_qty, low_stock_level, is_deleted, created_at, cloud_device_id, cloud_local_id) VALUES (253, '4654272265207', 'Men Tshirt', '', '', 15.0, 264, 0, 0, '2026-05-11 16:03:33', 'c446fb1b-7da0-4cf8-aa3e-402b7defdd53', '253');
INSERT INTO products (id, barcode, name, category, brand, sell_price, stock_qty, low_stock_level, is_deleted, created_at, cloud_device_id, cloud_local_id) VALUES (254, '1362229786721', 'White Women Shorts', '', '', 10.0, 50, 0, 0, '2026-05-11 16:12:55', 'c446fb1b-7da0-4cf8-aa3e-402b7defdd53', '254');
INSERT INTO products (id, barcode, name, category, brand, sell_price, stock_qty, low_stock_level, is_deleted, created_at, cloud_device_id, cloud_local_id) VALUES (255, '8237599098275', 'Child Set ON', '', '', 15.0, 38, 0, 0, '2026-05-13 11:41:38', 'c446fb1b-7da0-4cf8-aa3e-402b7defdd53', '255');
INSERT INTO products (id, barcode, name, category, brand, sell_price, stock_qty, low_stock_level, is_deleted, created_at, cloud_device_id, cloud_local_id) VALUES (256, '7273281501518', 'Child Set ON-sz', '', '', 12.0, 40, 0, 0, '2026-05-13 11:43:15', 'c446fb1b-7da0-4cf8-aa3e-402b7defdd53', '256');
INSERT INTO products (id, barcode, name, category, brand, sell_price, stock_qty, low_stock_level, is_deleted, created_at, cloud_device_id, cloud_local_id) VALUES (257, '5921263049436', 'Basic Kids Shirt', '', '', 8.0, 42, 0, 0, '2026-05-13 13:10:22', 'c446fb1b-7da0-4cf8-aa3e-402b7defdd53', '257');
INSERT INTO products (id, barcode, name, category, brand, sell_price, stock_qty, low_stock_level, is_deleted, created_at, cloud_device_id, cloud_local_id) VALUES (258, '1485818534265', 'Tshirt Men', '', '', 12.0, 290, 0, 0, '2026-05-13 13:20:14', 'c446fb1b-7da0-4cf8-aa3e-402b7defdd53', '258');
INSERT INTO products (id, barcode, name, category, brand, sell_price, stock_qty, low_stock_level, is_deleted, created_at, cloud_device_id, cloud_local_id) VALUES (259, '9399611247012', 'Bra', '', '', 5.0, 45, 0, 0, '2026-05-13 15:25:09', 'c446fb1b-7da0-4cf8-aa3e-402b7defdd53', '259');
INSERT INTO products (id, barcode, name, category, brand, sell_price, stock_qty, low_stock_level, is_deleted, created_at, cloud_device_id, cloud_local_id) VALUES (260, '8544173993070', 'Bra', '', '', 8.0, 97, 0, 0, '2026-05-13 16:41:20', 'c446fb1b-7da0-4cf8-aa3e-402b7defdd53', '260');
INSERT INTO products (id, barcode, name, category, brand, sell_price, stock_qty, low_stock_level, is_deleted, created_at, cloud_device_id, cloud_local_id) VALUES (261, '1821171030264', 'Men Tshirt', '', '', 10.0, 353, 0, 0, '2026-05-16 14:47:37', 'c446fb1b-7da0-4cf8-aa3e-402b7defdd53', '261');
INSERT INTO products (id, barcode, name, category, brand, sell_price, stock_qty, low_stock_level, is_deleted, created_at, cloud_device_id, cloud_local_id) VALUES (262, '4164239958863', 'shoes', 'Quick', '', 10.0, 0, 0, 1, '2026-05-16 17:00:02', 'c446fb1b-7da0-4cf8-aa3e-402b7defdd53', '262');
INSERT INTO products (id, barcode, name, category, brand, sell_price, stock_qty, low_stock_level, is_deleted, created_at, cloud_device_id, cloud_local_id) VALUES (263, '1337220292212', 'shoes', 'Quick', '', 10.0, 0, 0, 1, '2026-05-16 17:00:12', 'c446fb1b-7da0-4cf8-aa3e-402b7defdd53', '263');
INSERT INTO products (id, barcode, name, category, brand, sell_price, stock_qty, low_stock_level, is_deleted, created_at, cloud_device_id, cloud_local_id) VALUES (264, '9142976917669', 'shoes', 'Quick', '', 10.0, 0, 0, 1, '2026-05-16 17:00:43', 'c446fb1b-7da0-4cf8-aa3e-402b7defdd53', '264');
INSERT INTO products (id, barcode, name, category, brand, sell_price, stock_qty, low_stock_level, is_deleted, created_at, cloud_device_id, cloud_local_id) VALUES (265, '5063009655591', 'shoes', 'Quick', '', 10.0, 0, 0, 1, '2026-05-16 17:00:54', 'c446fb1b-7da0-4cf8-aa3e-402b7defdd53', '265');
INSERT INTO products (id, barcode, name, category, brand, sell_price, stock_qty, low_stock_level, is_deleted, created_at, cloud_device_id, cloud_local_id) VALUES (266, '1183999848750', 'shoes', 'Quick', '', 10.0, 0, 0, 1, '2026-05-16 17:02:19', 'c446fb1b-7da0-4cf8-aa3e-402b7defdd53', '266');
INSERT INTO products (id, barcode, name, category, brand, sell_price, stock_qty, low_stock_level, is_deleted, created_at, cloud_device_id, cloud_local_id) VALUES (267, '4966700977744', 'bbbb', 'Quick', '', 10.0, 0, 0, 1, '2026-05-16 17:05:26', 'c446fb1b-7da0-4cf8-aa3e-402b7defdd53', '267');
INSERT INTO products (id, barcode, name, category, brand, sell_price, stock_qty, low_stock_level, is_deleted, created_at, cloud_device_id, cloud_local_id) VALUES (268, '1217290995933', '2', '', '', 1.0, 0, 0, 1, '2026-05-17T09:55:11Z', 'c446fb1b-7da0-4cf8-aa3e-402b7defdd53', '268');
INSERT INTO products (id, barcode, name, category, brand, sell_price, stock_qty, low_stock_level, is_deleted, created_at, cloud_device_id, cloud_local_id) VALUES (269, '2563048431826', '12', '', '', 1.0, 1, 0, 1, '2026-05-17T09:55:11Z', 'c446fb1b-7da0-4cf8-aa3e-402b7defdd53', '269');
INSERT INTO products (id, barcode, name, category, brand, sell_price, stock_qty, low_stock_level, is_deleted, created_at, cloud_device_id, cloud_local_id) VALUES (270, '2763982350713', '11', '', '', 1.0, 0, 0, 1, '2026-05-17T09:55:12Z', 'c446fb1b-7da0-4cf8-aa3e-402b7defdd53', '270');
INSERT INTO products (id, barcode, name, category, brand, sell_price, stock_qty, low_stock_level, is_deleted, created_at, cloud_device_id, cloud_local_id) VALUES (271, '3830013786342', 'eee', '', '', 11.0, 1, 0, 0, '2026-05-17T09:55:12Z', 'c446fb1b-7da0-4cf8-aa3e-402b7defdd53', '271');
INSERT INTO products (id, barcode, name, category, brand, sell_price, stock_qty, low_stock_level, is_deleted, created_at, cloud_device_id, cloud_local_id) VALUES (272, '6124851058387', '1', '', '', 1.0, 0, 0, 1, '2026-05-17T09:55:12Z', 'c446fb1b-7da0-4cf8-aa3e-402b7defdd53', '272');
INSERT INTO products (id, barcode, name, category, brand, sell_price, stock_qty, low_stock_level, is_deleted, created_at, cloud_device_id, cloud_local_id) VALUES (273, '7421055808473', '1234', '', '', 1.0, 1, 0, 1, '2026-05-17T09:55:12Z', 'c446fb1b-7da0-4cf8-aa3e-402b7defdd53', '273');
INSERT INTO products (id, barcode, name, category, brand, sell_price, stock_qty, low_stock_level, is_deleted, created_at, cloud_device_id, cloud_local_id) VALUES (274, '8289096896687', 'a', '', '', 1.0, 0, 0, 1, '2026-05-17T09:55:12Z', 'c446fb1b-7da0-4cf8-aa3e-402b7defdd53', '274');
INSERT INTO products (id, barcode, name, category, brand, sell_price, stock_qty, low_stock_level, is_deleted, created_at, cloud_device_id, cloud_local_id) VALUES (275, '9697808653609', '1', '', '', 1.0, 1, 0, 1, '2026-05-17T09:55:12Z', 'c446fb1b-7da0-4cf8-aa3e-402b7defdd53', '275');
INSERT INTO products (id, barcode, name, category, brand, sell_price, stock_qty, low_stock_level, is_deleted, created_at, cloud_device_id, cloud_local_id) VALUES (276, '7773253732792', '1', '', '', 1.0, 1, 0, 1, '2026-05-17T10:13:35Z', 'c446fb1b-7da0-4cf8-aa3e-402b7defdd53', '276');
INSERT INTO products (id, barcode, name, category, brand, sell_price, stock_qty, low_stock_level, is_deleted, created_at, cloud_device_id, cloud_local_id) VALUES (277, '1005494140729', '2', '', '', 1.0, 1, 0, 1, '2026-05-17T10:14:57Z', 'c446fb1b-7da0-4cf8-aa3e-402b7defdd53', '277');
INSERT INTO products (id, barcode, name, category, brand, sell_price, stock_qty, low_stock_level, is_deleted, created_at, cloud_device_id, cloud_local_id) VALUES (278, '8288812197657', 'a', '', '', 1.0, 1, 0, 1, '2026-05-17T10:21:03Z', 'c446fb1b-7da0-4cf8-aa3e-402b7defdd53', '278');
INSERT INTO products (id, barcode, name, category, brand, sell_price, stock_qty, low_stock_level, is_deleted, created_at, cloud_device_id, cloud_local_id) VALUES (279, '1482753952833', 'Socks Lemco', '', '', 4.0, 3, 0, 0, '2026-05-17T12:10:33Z', 'c446fb1b-7da0-4cf8-aa3e-402b7defdd53', '279');
INSERT INTO products (id, barcode, name, category, brand, sell_price, stock_qty, low_stock_level, is_deleted, created_at, cloud_device_id, cloud_local_id) VALUES (280, '9032148570696', 'b', '', '', 1.0, 1, 0, 1, '2026-05-17T12:17:42Z', 'c446fb1b-7da0-4cf8-aa3e-402b7defdd53', '280');
INSERT INTO products (id, barcode, name, category, brand, sell_price, stock_qty, low_stock_level, is_deleted, created_at, cloud_device_id, cloud_local_id) VALUES (281, '6064350706887', '1', '', '', 1.0, 1, 0, 1, '2026-05-17T12:20:01Z', 'c446fb1b-7da0-4cf8-aa3e-402b7defdd53', '281');
INSERT INTO products (id, barcode, name, category, brand, sell_price, stock_qty, low_stock_level, is_deleted, created_at, cloud_device_id, cloud_local_id) VALUES (282, '6567464291466', 'Lacoste Kids Shirt', '', '', 12.0, 80, 0, 0, '2026-05-18 10:41:26', 'c446fb1b-7da0-4cf8-aa3e-402b7defdd53', '282');
INSERT INTO products (id, barcode, name, category, brand, sell_price, stock_qty, low_stock_level, is_deleted, created_at, cloud_device_id, cloud_local_id) VALUES (283, '9160269617669', 'Kids Set (ms -wz)', '', '', 15.0, 61, 0, 0, '2026-05-19 11:14:16', 'c446fb1b-7da0-4cf8-aa3e-402b7defdd53', '283');
INSERT INTO products (id, barcode, name, category, brand, sell_price, stock_qty, low_stock_level, is_deleted, created_at, cloud_device_id, cloud_local_id) VALUES (284, '7732378163607', 'polo', 'Quick', '', 15.0, 0, 0, 1, '2026-05-19 13:41:41', 'c446fb1b-7da0-4cf8-aa3e-402b7defdd53', '284');
INSERT INTO products (id, barcode, name, category, brand, sell_price, stock_qty, low_stock_level, is_deleted, created_at, cloud_device_id, cloud_local_id) VALUES (285, '1021912686365', 'amis', 'Quick', '', 20.0, 0, 0, 1, '2026-05-19 13:41:41', 'c446fb1b-7da0-4cf8-aa3e-402b7defdd53', '285');
INSERT INTO products (id, barcode, name, category, brand, sell_price, stock_qty, low_stock_level, is_deleted, created_at, cloud_device_id, cloud_local_id) VALUES (286, '4192136486493', 'socks', 'Quick', '', 4.0, 0, 0, 1, '2026-05-19 18:10:35', 'c446fb1b-7da0-4cf8-aa3e-402b7defdd53', '286');
INSERT INTO products (id, barcode, name, category, brand, sell_price, stock_qty, low_stock_level, is_deleted, created_at, cloud_device_id, cloud_local_id) VALUES (287, '1153517623152', 'Badal', 'Quick', '', 4.0, 0, 0, 1, '2026-05-19 18:48:15', 'c446fb1b-7da0-4cf8-aa3e-402b7defdd53', '287');
INSERT INTO products (id, barcode, name, category, brand, sell_price, stock_qty, low_stock_level, is_deleted, created_at, cloud_device_id, cloud_local_id) VALUES (288, '4449747383698', 'Bols Kids Tshirt', 'Quick', '', 8.0, 0, 0, 1, '2026-05-20 10:34:25', 'c446fb1b-7da0-4cf8-aa3e-402b7defdd53', '288');
INSERT INTO products (id, barcode, name, category, brand, sell_price, stock_qty, low_stock_level, is_deleted, created_at, cloud_device_id, cloud_local_id) VALUES (289, '9764263979619', 'pants', 'Quick', '', 12.0, 0, 0, 1, '2026-05-20 10:52:41', 'c446fb1b-7da0-4cf8-aa3e-402b7defdd53', '289');
INSERT INTO products (id, barcode, name, category, brand, sell_price, stock_qty, low_stock_level, is_deleted, created_at, cloud_device_id, cloud_local_id) VALUES (290, '1700715398094', 'perfume', 'Quick', '', 8.0, 0, 0, 1, '2026-05-20 10:52:42', 'c446fb1b-7da0-4cf8-aa3e-402b7defdd53', '290');
INSERT INTO products (id, barcode, name, category, brand, sell_price, stock_qty, low_stock_level, is_deleted, created_at, cloud_device_id, cloud_local_id) VALUES (291, '4086165664666', 'pants', 'Quick', '', 12.0, 0, 0, 1, '2026-05-20 10:54:56', 'c446fb1b-7da0-4cf8-aa3e-402b7defdd53', '291');
INSERT INTO products (id, barcode, name, category, brand, sell_price, stock_qty, low_stock_level, is_deleted, created_at, cloud_device_id, cloud_local_id) VALUES (292, '7725825701637', 'pants survet', 'Quick', '', 12.0, 0, 0, 1, '2026-05-20 10:55:01', 'c446fb1b-7da0-4cf8-aa3e-402b7defdd53', '292');
INSERT INTO products (id, barcode, name, category, brand, sell_price, stock_qty, low_stock_level, is_deleted, created_at, cloud_device_id, cloud_local_id) VALUES (293, '3171124650390', 'Short Levis Jeans', '', '', 12.0, 46, 0, 0, '2026-05-20 11:34:42', 'c446fb1b-7da0-4cf8-aa3e-402b7defdd53', '293');
INSERT INTO products (id, barcode, name, category, brand, sell_price, stock_qty, low_stock_level, is_deleted, created_at, cloud_device_id, cloud_local_id) VALUES (294, '1381960070609', 'Girl Dress', '', '', 15.0, 20, 0, 0, '2026-05-20 12:12:57', 'c446fb1b-7da0-4cf8-aa3e-402b7defdd53', '294');
INSERT INTO products (id, barcode, name, category, brand, sell_price, stock_qty, low_stock_level, is_deleted, created_at, cloud_device_id, cloud_local_id) VALUES (295, '5142561849188', 'Shirt', 'Quick', '', 5.0, 0, 0, 1, '2026-05-20 12:44:39', 'c446fb1b-7da0-4cf8-aa3e-402b7defdd53', '295');
INSERT INTO products (id, barcode, name, category, brand, sell_price, stock_qty, low_stock_level, is_deleted, created_at, cloud_device_id, cloud_local_id) VALUES (296, '9421848935476', 'hat', 'Quick', '', 5.0, 0, 0, 1, '2026-05-20 12:44:40', 'c446fb1b-7da0-4cf8-aa3e-402b7defdd53', '296');
INSERT INTO products (id, barcode, name, category, brand, sell_price, stock_qty, low_stock_level, is_deleted, created_at, cloud_device_id, cloud_local_id) VALUES (297, '3715121233837', 'Set Women', 'Quick', '', 25.0, 0, 0, 1, '2026-05-20 12:57:29', 'c446fb1b-7da0-4cf8-aa3e-402b7defdd53', '297');
INSERT INTO products (id, barcode, name, category, brand, sell_price, stock_qty, low_stock_level, is_deleted, created_at, cloud_device_id, cloud_local_id) VALUES (298, '7376394636846', 'blouse', 'Quick', '', 10.0, 0, 0, 1, '2026-05-20 12:57:29', 'c446fb1b-7da0-4cf8-aa3e-402b7defdd53', '298');
INSERT INTO products (id, barcode, name, category, brand, sell_price, stock_qty, low_stock_level, is_deleted, created_at, cloud_device_id, cloud_local_id) VALUES (299, '2222691515443', 'sock', 'Quick', '', 3.0, 0, 0, 1, '2026-05-20 13:05:40', 'c446fb1b-7da0-4cf8-aa3e-402b7defdd53', '299');
INSERT INTO products (id, barcode, name, category, brand, sell_price, stock_qty, low_stock_level, is_deleted, created_at, cloud_device_id, cloud_local_id) VALUES (300, '5517815395054', 'slip', 'Quick', '', 1.5, 0, 0, 1, '2026-05-20 13:05:40', 'c446fb1b-7da0-4cf8-aa3e-402b7defdd53', '300');
INSERT INTO products (id, barcode, name, category, brand, sell_price, stock_qty, low_stock_level, is_deleted, created_at, cloud_device_id, cloud_local_id) VALUES (301, '8804630366626', 'Women Set -1', '', '', 30.0, 92, 0, 0, '2026-05-21 10:58:16', 'c446fb1b-7da0-4cf8-aa3e-402b7defdd53', '301');
INSERT INTO products (id, barcode, name, category, brand, sell_price, stock_qty, low_stock_level, is_deleted, created_at, cloud_device_id, cloud_local_id) VALUES (302, '1803137928235', 'Survet Women', '', '', 35.0, 42, 0, 0, '2026-05-25 13:57:36', 'c446fb1b-7da0-4cf8-aa3e-402b7defdd53', '302');
INSERT INTO products (id, barcode, name, category, brand, sell_price, stock_qty, low_stock_level, is_deleted, created_at, cloud_device_id, cloud_local_id) VALUES (303, '6075004398174', 'Tshirt', '', '', 10.0, 25, 0, 0, '2026-05-27 15:07:22', 'c446fb1b-7da0-4cf8-aa3e-402b7defdd53', '303');
INSERT INTO products (id, barcode, name, category, brand, sell_price, stock_qty, low_stock_level, is_deleted, created_at, cloud_device_id, cloud_local_id) VALUES (304, '1364180388419', 'Men Jeans', '', '', 20.0, 252, 0, 0, '2026-05-29 12:13:10', 'c446fb1b-7da0-4cf8-aa3e-402b7defdd53', '304');
INSERT INTO products (id, barcode, name, category, brand, sell_price, stock_qty, low_stock_level, is_deleted, created_at, cloud_device_id, cloud_local_id) VALUES (305, '2344644392489', 'DrawString Jeans', '', '', 20.0, 30, 0, 0, '2026-05-29 14:32:12', 'c446fb1b-7da0-4cf8-aa3e-402b7defdd53', '305');
INSERT INTO products (id, barcode, name, category, brand, sell_price, stock_qty, low_stock_level, is_deleted, created_at, cloud_device_id, cloud_local_id) VALUES (306, '9900475970956', '1', '', '', 1.0, 1, 0, 0, '2026-05-31T11:33:15Z', 'c446fb1b-7da0-4cf8-aa3e-402b7defdd53', '306');
INSERT INTO products (id, barcode, name, category, brand, sell_price, stock_qty, low_stock_level, is_deleted, created_at, cloud_device_id, cloud_local_id) VALUES (307, '1012966033854', 'Brazil Kit child', '', '', 15.0, 72, 0, 0, '2026-06-05 11:06:47', 'c446fb1b-7da0-4cf8-aa3e-402b7defdd53', '307');
INSERT INTO products (id, barcode, name, category, brand, sell_price, stock_qty, low_stock_level, is_deleted, created_at, cloud_device_id, cloud_local_id) VALUES (308, '2923324021620', 'France kit child', '', '', 15.0, 27, 0, 0, '2026-06-05 11:19:52', 'c446fb1b-7da0-4cf8-aa3e-402b7defdd53', '308');
INSERT INTO products (id, barcode, name, category, brand, sell_price, stock_qty, low_stock_level, is_deleted, created_at, cloud_device_id, cloud_local_id) VALUES (309, '7760618928969', 'Germany Kit', '', '', 18.0, 15, 0, 0, '2026-06-05 11:25:10', 'c446fb1b-7da0-4cf8-aa3e-402b7defdd53', '309');
INSERT INTO products (id, barcode, name, category, brand, sell_price, stock_qty, low_stock_level, is_deleted, created_at, cloud_device_id, cloud_local_id) VALUES (310, '2883719849454', 'Brazil Kit', '', '', 18.0, 20, 0, 0, '2026-06-05 11:25:54', 'c446fb1b-7da0-4cf8-aa3e-402b7defdd53', '310');
INSERT INTO products (id, barcode, name, category, brand, sell_price, stock_qty, low_stock_level, is_deleted, created_at, cloud_device_id, cloud_local_id) VALUES (311, '8093808067353', 'England Kit', '', '', 18.0, 5, 0, 0, '2026-06-05 11:27:15', 'c446fb1b-7da0-4cf8-aa3e-402b7defdd53', '311');
INSERT INTO products (id, barcode, name, category, brand, sell_price, stock_qty, low_stock_level, is_deleted, created_at, cloud_device_id, cloud_local_id) VALUES (312, '1267105411974', 'Spain Kit', '', '', 18.0, 5, 0, 0, '2026-06-05 11:27:51', 'c446fb1b-7da0-4cf8-aa3e-402b7defdd53', '312');
INSERT INTO products (id, barcode, name, category, brand, sell_price, stock_qty, low_stock_level, is_deleted, created_at, cloud_device_id, cloud_local_id) VALUES (313, '5056511291180', 'Portugal', '', '', 18.0, 5, 0, 0, '2026-06-05 11:29:02', 'c446fb1b-7da0-4cf8-aa3e-402b7defdd53', '313');
INSERT INTO products (id, barcode, name, category, brand, sell_price, stock_qty, low_stock_level, is_deleted, created_at, cloud_device_id, cloud_local_id) VALUES (314, '6789275855778', 'Argentina Kit', '', '', 18.0, 10, 0, 0, '2026-06-05 11:30:07', 'c446fb1b-7da0-4cf8-aa3e-402b7defdd53', '314');
INSERT INTO products (id, barcode, name, category, brand, sell_price, stock_qty, low_stock_level, is_deleted, created_at, cloud_device_id, cloud_local_id) VALUES (315, '8861099466601', 'France Kit', '', '', 18.0, 10, 0, 0, '2026-06-05 11:30:46', 'c446fb1b-7da0-4cf8-aa3e-402b7defdd53', '315');
INSERT INTO products (id, barcode, name, category, brand, sell_price, stock_qty, low_stock_level, is_deleted, created_at, cloud_device_id, cloud_local_id) VALUES (316, '5882246996027', 'Argentina kit child', '', '', 15.0, 35, 0, 0, '2026-06-05 12:44:48', 'c446fb1b-7da0-4cf8-aa3e-402b7defdd53', '316');
INSERT INTO products (id, barcode, name, category, brand, sell_price, stock_qty, low_stock_level, is_deleted, created_at, cloud_device_id, cloud_local_id) VALUES (317, '2143974325088', 'Germany Kit Child', '', '', 15.0, 36, 0, 0, '2026-06-05 13:04:15', 'c446fb1b-7da0-4cf8-aa3e-402b7defdd53', '317');
INSERT INTO products (id, barcode, name, category, brand, sell_price, stock_qty, low_stock_level, is_deleted, created_at, cloud_device_id, cloud_local_id) VALUES (318, '7032932904364', 'Portugal Kit Child', '', '', 15.0, 36, 0, 0, '2026-06-05 13:05:16', 'c446fb1b-7da0-4cf8-aa3e-402b7defdd53', '318');
INSERT INTO products (id, barcode, name, category, brand, sell_price, stock_qty, low_stock_level, is_deleted, created_at, cloud_device_id, cloud_local_id) VALUES (319, '5958824372238', 'Spain Kit child', '', '', 15.0, 27, 0, 0, '2026-06-05 13:06:29', 'c446fb1b-7da0-4cf8-aa3e-402b7defdd53', '319');
INSERT INTO products (id, barcode, name, category, brand, sell_price, stock_qty, low_stock_level, is_deleted, created_at, cloud_device_id, cloud_local_id) VALUES (320, '7406373592365', 'England Kit Child', '', '', 15.0, 27, 0, 0, '2026-06-05 14:04:44', 'c446fb1b-7da0-4cf8-aa3e-402b7defdd53', '320');
INSERT INTO products (id, barcode, name, category, brand, sell_price, stock_qty, low_stock_level, is_deleted, created_at, cloud_device_id, cloud_local_id) VALUES (321, '2162164869997', 'cap', 'Quick', '', 4.0, -1, 0, 0, '2026-06-05 14:14:29', 'c446fb1b-7da0-4cf8-aa3e-402b7defdd53', '321');
INSERT INTO employees (id, name, pin, is_active, created_at, cloud_device_id, cloud_local_id) VALUES (1, 'DANI', '', 1, '2026-02-04 15:13:06', 'c446fb1b-7da0-4cf8-aa3e-402b7defdd53', '1');
INSERT INTO employees (id, name, pin, is_active, created_at, cloud_device_id, cloud_local_id) VALUES (2, 'Terry', '', 1, '2026-05-17 10:10:50', 'c446fb1b-7da0-4cf8-aa3e-402b7defdd53', '2');
INSERT INTO cash_shifts (id, opened_at, closed_at, opening_cash, closing_cash, notes, employee_id, shift_date, shift_seq, shift_code, opening_usd, opening_lbp, closing_usd, closing_lbp, lbp_per_usd, cloud_device_id, cloud_local_id) VALUES (1, '2026-02-08 13:59:31', '2026-03-16 12:18:10', 0.0, 0.0, '', 1, NULL, NULL, NULL, 0.0, 0.0, NULL, NULL, 89500.0, 'c446fb1b-7da0-4cf8-aa3e-402b7defdd53', '1');
INSERT INTO cash_shifts (id, opened_at, closed_at, opening_cash, closing_cash, notes, employee_id, shift_date, shift_seq, shift_code, opening_usd, opening_lbp, closing_usd, closing_lbp, lbp_per_usd, cloud_device_id, cloud_local_id) VALUES (2, '2026-03-16 12:28:25', '2026-05-11 15:50:09', 0.0, 0.0, '', 1, NULL, NULL, NULL, 0.0, 0.0, 0.0, 0.0, 89500.0, 'c446fb1b-7da0-4cf8-aa3e-402b7defdd53', '2');
INSERT INTO cash_shifts (id, opened_at, closed_at, opening_cash, closing_cash, notes, employee_id, shift_date, shift_seq, shift_code, opening_usd, opening_lbp, closing_usd, closing_lbp, lbp_per_usd, cloud_device_id, cloud_local_id) VALUES (3, '2026-05-11 15:50:41', 'test-preclosed', 0.0, NULL, '', 1, NULL, NULL, NULL, 0.0, 0.0, NULL, NULL, 90000.0, 'c446fb1b-7da0-4cf8-aa3e-402b7defdd53', '3');
INSERT INTO cash_shifts (id, opened_at, closed_at, opening_cash, closing_cash, notes, employee_id, shift_date, shift_seq, shift_code, opening_usd, opening_lbp, closing_usd, closing_lbp, lbp_per_usd, cloud_device_id, cloud_local_id) VALUES (4, '2026-05-17 06:43:14.282237+00', '2026-05-17 12:15:54', 0.0, 0.0, '', NULL, NULL, NULL, '', 0.0, 0.0, 10.0, 0.0, 89500.0, 'c446fb1b-7da0-4cf8-aa3e-402b7defdd53', '4');
INSERT INTO cash_shifts (id, opened_at, closed_at, opening_cash, closing_cash, notes, employee_id, shift_date, shift_seq, shift_code, opening_usd, opening_lbp, closing_usd, closing_lbp, lbp_per_usd, cloud_device_id, cloud_local_id) VALUES (5, '2026-05-17 06:43:14.282237+00', '2026-05-17 12:56:25', 0.0, 0.0, '', NULL, NULL, NULL, '', 0.0, 0.0, 0.0, 0.0, 89500.0, 'c446fb1b-7da0-4cf8-aa3e-402b7defdd53', '5');
INSERT INTO cash_shifts (id, opened_at, closed_at, opening_cash, closing_cash, notes, employee_id, shift_date, shift_seq, shift_code, opening_usd, opening_lbp, closing_usd, closing_lbp, lbp_per_usd, cloud_device_id, cloud_local_id) VALUES (6, '2026-05-17 09:07:00.056803+00', '2026-05-17 12:56:22', 0.0, 0.0, '', NULL, NULL, NULL, '', 0.0, 0.0, 0.0, 0.0, 89500.0, 'c446fb1b-7da0-4cf8-aa3e-402b7defdd53', '6');
INSERT INTO cash_shifts (id, opened_at, closed_at, opening_cash, closing_cash, notes, employee_id, shift_date, shift_seq, shift_code, opening_usd, opening_lbp, closing_usd, closing_lbp, lbp_per_usd, cloud_device_id, cloud_local_id) VALUES (7, '2026-05-17 09:07:00.056803+00', '2026-05-17 12:56:18', 0.0, 0.0, '', NULL, NULL, NULL, '', 0.0, 0.0, 0.0, 0.0, 89500.0, 'c446fb1b-7da0-4cf8-aa3e-402b7defdd53', '7');
INSERT INTO cash_shifts (id, opened_at, closed_at, opening_cash, closing_cash, notes, employee_id, shift_date, shift_seq, shift_code, opening_usd, opening_lbp, closing_usd, closing_lbp, lbp_per_usd, cloud_device_id, cloud_local_id) VALUES (8, '2026-05-17 09:07:45.443401+00', '2026-05-17 12:56:15', 0.0, 0.0, '', NULL, NULL, NULL, '', 0.0, 0.0, 0.0, 0.0, 89500.0, 'c446fb1b-7da0-4cf8-aa3e-402b7defdd53', '8');
INSERT INTO cash_shifts (id, opened_at, closed_at, opening_cash, closing_cash, notes, employee_id, shift_date, shift_seq, shift_code, opening_usd, opening_lbp, closing_usd, closing_lbp, lbp_per_usd, cloud_device_id, cloud_local_id) VALUES (9, '2026-05-17 12:15:53', '2026-05-17 12:15:54', 10.0, 10.0, '', 2, NULL, NULL, '', 0.0, 0.0, NULL, NULL, 89500.0, 'c446fb1b-7da0-4cf8-aa3e-402b7defdd53', '9');
INSERT INTO cash_shifts (id, opened_at, closed_at, opening_cash, closing_cash, notes, employee_id, shift_date, shift_seq, shift_code, opening_usd, opening_lbp, closing_usd, closing_lbp, lbp_per_usd, cloud_device_id, cloud_local_id) VALUES (10, '2026-05-17 12:21:08', '2026-05-17 12:21:17', 0.0, 0.0, '', 1, NULL, NULL, '', 0.0, 0.0, NULL, NULL, 89500.0, 'c446fb1b-7da0-4cf8-aa3e-402b7defdd53', '10');
INSERT INTO cash_shifts (id, opened_at, closed_at, opening_cash, closing_cash, notes, employee_id, shift_date, shift_seq, shift_code, opening_usd, opening_lbp, closing_usd, closing_lbp, lbp_per_usd, cloud_device_id, cloud_local_id) VALUES (11, '2026-05-17 09:07:45.443401+00', '2026-05-17 12:21:45', 0.0, 0.0, '', NULL, NULL, NULL, '', 0.0, 0.0, NULL, NULL, 89500.0, 'c446fb1b-7da0-4cf8-aa3e-402b7defdd53', '11');
INSERT INTO cash_shifts (id, opened_at, closed_at, opening_cash, closing_cash, notes, employee_id, shift_date, shift_seq, shift_code, opening_usd, opening_lbp, closing_usd, closing_lbp, lbp_per_usd, cloud_device_id, cloud_local_id) VALUES (12, '2026-05-17 09:07:00.056803+00', '2026-05-17 12:21:50', 0.0, 0.0, '', NULL, NULL, NULL, '', 0.0, 0.0, NULL, NULL, 89500.0, 'c446fb1b-7da0-4cf8-aa3e-402b7defdd53', '12');
INSERT INTO cash_shifts (id, opened_at, closed_at, opening_cash, closing_cash, notes, employee_id, shift_date, shift_seq, shift_code, opening_usd, opening_lbp, closing_usd, closing_lbp, lbp_per_usd, cloud_device_id, cloud_local_id) VALUES (13, '2026-05-17 09:07:00.056803+00', '2026-05-17 12:21:58', 0.0, 0.0, '', NULL, NULL, NULL, '', 0.0, 0.0, NULL, NULL, 89500.0, 'c446fb1b-7da0-4cf8-aa3e-402b7defdd53', '13');
INSERT INTO cash_shifts (id, opened_at, closed_at, opening_cash, closing_cash, notes, employee_id, shift_date, shift_seq, shift_code, opening_usd, opening_lbp, closing_usd, closing_lbp, lbp_per_usd, cloud_device_id, cloud_local_id) VALUES (14, '2026-05-17 12:23:00', '2026-05-17 12:23:46', 0.0, 0.0, '', 1, NULL, NULL, '', 0.0, 0.0, NULL, NULL, 89500.0, 'c446fb1b-7da0-4cf8-aa3e-402b7defdd53', '14');
INSERT INTO cash_shifts (id, opened_at, closed_at, opening_cash, closing_cash, notes, employee_id, shift_date, shift_seq, shift_code, opening_usd, opening_lbp, closing_usd, closing_lbp, lbp_per_usd, cloud_device_id, cloud_local_id) VALUES (15, '2026-05-17 09:23:43.063476+00', '2026-05-17 12:56:11', 0.0, 0.0, '', NULL, NULL, NULL, '', 0.0, 0.0, 0.0, 0.0, 89500.0, 'c446fb1b-7da0-4cf8-aa3e-402b7defdd53', '15');
INSERT INTO cash_shifts (id, opened_at, closed_at, opening_cash, closing_cash, notes, employee_id, shift_date, shift_seq, shift_code, opening_usd, opening_lbp, closing_usd, closing_lbp, lbp_per_usd, cloud_device_id, cloud_local_id) VALUES (16, '2026-05-17 09:23:43.063476+00', '2026-05-17 12:24:15', 0.0, 0.0, '', NULL, NULL, NULL, '', 0.0, 0.0, NULL, NULL, 89500.0, 'c446fb1b-7da0-4cf8-aa3e-402b7defdd53', '16');
INSERT INTO cash_shifts (id, opened_at, closed_at, opening_cash, closing_cash, notes, employee_id, shift_date, shift_seq, shift_code, opening_usd, opening_lbp, closing_usd, closing_lbp, lbp_per_usd, cloud_device_id, cloud_local_id) VALUES (17, '2026-05-17 12:27:32', '2026-05-17 12:56:06', 0.0, 0.0, '', 1, NULL, NULL, '', 0.0, 0.0, 0.0, 0.0, 89500.0, 'c446fb1b-7da0-4cf8-aa3e-402b7defdd53', '17');
INSERT INTO cash_shifts (id, opened_at, closed_at, opening_cash, closing_cash, notes, employee_id, shift_date, shift_seq, shift_code, opening_usd, opening_lbp, closing_usd, closing_lbp, lbp_per_usd, cloud_device_id, cloud_local_id) VALUES (18, '2026-05-17 12:27:32', '2026-05-17 12:42:16', 0.0, 12.0, '', 1, NULL, NULL, '', 0.0, 0.0, NULL, NULL, 89500.0, 'c446fb1b-7da0-4cf8-aa3e-402b7defdd53', '18');
INSERT INTO cash_shifts (id, opened_at, closed_at, opening_cash, closing_cash, notes, employee_id, shift_date, shift_seq, shift_code, opening_usd, opening_lbp, closing_usd, closing_lbp, lbp_per_usd, cloud_device_id, cloud_local_id) VALUES (19, '2026-05-17 09:23:43.063476+00', '2026-05-17 12:42:23', 0.0, 12.0, '', NULL, NULL, NULL, '', 0.0, 0.0, NULL, NULL, 89500.0, 'c446fb1b-7da0-4cf8-aa3e-402b7defdd53', '19');
INSERT INTO cash_shifts (id, opened_at, closed_at, opening_cash, closing_cash, notes, employee_id, shift_date, shift_seq, shift_code, opening_usd, opening_lbp, closing_usd, closing_lbp, lbp_per_usd, cloud_device_id, cloud_local_id) VALUES (20, '2026-05-17 09:07:45.443401+00', '2026-05-17 12:42:27', 0.0, 12.0, '', NULL, NULL, NULL, '', 0.0, 0.0, NULL, NULL, 89500.0, 'c446fb1b-7da0-4cf8-aa3e-402b7defdd53', '20');
INSERT INTO cash_shifts (id, opened_at, closed_at, opening_cash, closing_cash, notes, employee_id, shift_date, shift_seq, shift_code, opening_usd, opening_lbp, closing_usd, closing_lbp, lbp_per_usd, cloud_device_id, cloud_local_id) VALUES (21, '2026-05-17 09:07:00.056803+00', '2026-05-17 12:42:31', 0.0, 12.0, '', NULL, NULL, NULL, '', 0.0, 0.0, NULL, NULL, 89500.0, 'c446fb1b-7da0-4cf8-aa3e-402b7defdd53', '21');
INSERT INTO cash_shifts (id, opened_at, closed_at, opening_cash, closing_cash, notes, employee_id, shift_date, shift_seq, shift_code, opening_usd, opening_lbp, closing_usd, closing_lbp, lbp_per_usd, cloud_device_id, cloud_local_id) VALUES (22, '2026-05-17 09:07:00.056803+00', '2026-05-17 12:42:40', 0.0, 12.0, '', NULL, NULL, NULL, '', 0.0, 0.0, NULL, NULL, 89500.0, 'c446fb1b-7da0-4cf8-aa3e-402b7defdd53', '22');
INSERT INTO cash_shifts (id, opened_at, closed_at, opening_cash, closing_cash, notes, employee_id, shift_date, shift_seq, shift_code, opening_usd, opening_lbp, closing_usd, closing_lbp, lbp_per_usd, cloud_device_id, cloud_local_id) VALUES (23, '2026-05-17 06:43:14.282237+00', '2026-05-17 12:42:46', 0.0, 12.0, '', NULL, NULL, NULL, '', 0.0, 0.0, NULL, NULL, 89500.0, 'c446fb1b-7da0-4cf8-aa3e-402b7defdd53', '23');
INSERT INTO cash_shifts (id, opened_at, closed_at, opening_cash, closing_cash, notes, employee_id, shift_date, shift_seq, shift_code, opening_usd, opening_lbp, closing_usd, closing_lbp, lbp_per_usd, cloud_device_id, cloud_local_id) VALUES (24, '2026-05-17 12:27:32', '2026-05-17 12:56:06', 0.0, 0.0, '', 1, NULL, NULL, '', 0.0, 0.0, NULL, NULL, 89500.0, 'c446fb1b-7da0-4cf8-aa3e-402b7defdd53', '24');
INSERT INTO cash_shifts (id, opened_at, closed_at, opening_cash, closing_cash, notes, employee_id, shift_date, shift_seq, shift_code, opening_usd, opening_lbp, closing_usd, closing_lbp, lbp_per_usd, cloud_device_id, cloud_local_id) VALUES (25, '2026-05-17 09:23:43.063476+00', '2026-05-17 12:56:11', 0.0, 0.0, '', NULL, NULL, NULL, '', 0.0, 0.0, NULL, NULL, 89500.0, 'c446fb1b-7da0-4cf8-aa3e-402b7defdd53', '25');
INSERT INTO cash_shifts (id, opened_at, closed_at, opening_cash, closing_cash, notes, employee_id, shift_date, shift_seq, shift_code, opening_usd, opening_lbp, closing_usd, closing_lbp, lbp_per_usd, cloud_device_id, cloud_local_id) VALUES (26, '2026-05-17 09:07:45.443401+00', '2026-05-17 12:56:15', 0.0, 0.0, '', NULL, NULL, NULL, '', 0.0, 0.0, NULL, NULL, 89500.0, 'c446fb1b-7da0-4cf8-aa3e-402b7defdd53', '26');
INSERT INTO cash_shifts (id, opened_at, closed_at, opening_cash, closing_cash, notes, employee_id, shift_date, shift_seq, shift_code, opening_usd, opening_lbp, closing_usd, closing_lbp, lbp_per_usd, cloud_device_id, cloud_local_id) VALUES (27, '2026-05-17 09:07:00.056803+00', '2026-05-17 12:56:18', 0.0, 0.0, '', NULL, NULL, NULL, '', 0.0, 0.0, NULL, NULL, 89500.0, 'c446fb1b-7da0-4cf8-aa3e-402b7defdd53', '27');
INSERT INTO cash_shifts (id, opened_at, closed_at, opening_cash, closing_cash, notes, employee_id, shift_date, shift_seq, shift_code, opening_usd, opening_lbp, closing_usd, closing_lbp, lbp_per_usd, cloud_device_id, cloud_local_id) VALUES (28, '2026-05-17 09:07:00.056803+00', '2026-05-17 12:56:22', 0.0, 0.0, '', NULL, NULL, NULL, '', 0.0, 0.0, NULL, NULL, 89500.0, 'c446fb1b-7da0-4cf8-aa3e-402b7defdd53', '28');
INSERT INTO cash_shifts (id, opened_at, closed_at, opening_cash, closing_cash, notes, employee_id, shift_date, shift_seq, shift_code, opening_usd, opening_lbp, closing_usd, closing_lbp, lbp_per_usd, cloud_device_id, cloud_local_id) VALUES (29, '2026-05-17 06:43:14.282237+00', '2026-05-17 12:56:25', 0.0, 0.0, '', NULL, NULL, NULL, '', 0.0, 0.0, NULL, NULL, 89500.0, 'c446fb1b-7da0-4cf8-aa3e-402b7defdd53', '29');
INSERT INTO cash_shifts (id, opened_at, closed_at, opening_cash, closing_cash, notes, employee_id, shift_date, shift_seq, shift_code, opening_usd, opening_lbp, closing_usd, closing_lbp, lbp_per_usd, cloud_device_id, cloud_local_id) VALUES (30, '2026-05-17 12:58:30', '2026-05-17 12:58:34', 0.0, 0.0, '', 1, NULL, NULL, '', 0.0, 0.0, 0.0, 0.0, 89500.0, 'c446fb1b-7da0-4cf8-aa3e-402b7defdd53', '30');
INSERT INTO cash_shifts (id, opened_at, closed_at, opening_cash, closing_cash, notes, employee_id, shift_date, shift_seq, shift_code, opening_usd, opening_lbp, closing_usd, closing_lbp, lbp_per_usd, cloud_device_id, cloud_local_id) VALUES (31, '2026-05-17 12:59:05', '2026-05-19 17:23:20', 0.0, 0.0, '', 1, NULL, NULL, '', 0.0, 0.0, 0.0, 0.0, 89500.0, 'c446fb1b-7da0-4cf8-aa3e-402b7defdd53', '31');
INSERT INTO cash_shifts (id, opened_at, closed_at, opening_cash, closing_cash, notes, employee_id, shift_date, shift_seq, shift_code, opening_usd, opening_lbp, closing_usd, closing_lbp, lbp_per_usd, cloud_device_id, cloud_local_id) VALUES (32, '2026-05-19 17:24:36', '2026-05-19 18:56:43', 447.0, 526.0, '', 1, NULL, NULL, '', 0.0, 0.0, 511.0, 1300000.0, 89500.0, 'c446fb1b-7da0-4cf8-aa3e-402b7defdd53', '32');
INSERT INTO cash_shifts (id, opened_at, closed_at, opening_cash, closing_cash, notes, employee_id, shift_date, shift_seq, shift_code, opening_usd, opening_lbp, closing_usd, closing_lbp, lbp_per_usd, cloud_device_id, cloud_local_id) VALUES (33, '2026-05-20 10:19:06', '2026-05-20 13:08:22', 380.0, 536.0, '', 1, NULL, NULL, '', 0.0, 0.0, 536.0, 0.0, 89500.0, 'c446fb1b-7da0-4cf8-aa3e-402b7defdd53', '33');
INSERT INTO cash_shifts (id, opened_at, closed_at, opening_cash, closing_cash, notes, employee_id, shift_date, shift_seq, shift_code, opening_usd, opening_lbp, closing_usd, closing_lbp, lbp_per_usd, cloud_device_id, cloud_local_id) VALUES (34, '2026-05-25 15:04:35', NULL, 0.0, NULL, '', 1, NULL, NULL, '', 0.0, 0.0, NULL, NULL, 89500.0, 'c446fb1b-7da0-4cf8-aa3e-402b7defdd53', '34');
INSERT INTO sales (id, created_at, total_amount, payment_method, customer_name, shift_id, receipt_date, receipt_seq, receipt_code, subtotal, discount, discount_total, tax, tax_total, shipping, net_sales, total_sales, cash_paid, store_credit_used, is_exchange, exchange_origin_sale_id, notes, cloud_device_id, cloud_local_id) VALUES (5, '2026-02-09 13:03:41', 70.0, 'CASH', '', 1, '2026-02-09', 1, '0001', 70.0, 0.0, 0.0, 0.0, 0.0, 0.0, 70.0, 70.0, 70.0, 0.0, 0, NULL, '', 'c446fb1b-7da0-4cf8-aa3e-402b7defdd53', '5');
INSERT INTO sales (id, created_at, total_amount, payment_method, customer_name, shift_id, receipt_date, receipt_seq, receipt_code, subtotal, discount, discount_total, tax, tax_total, shipping, net_sales, total_sales, cash_paid, store_credit_used, is_exchange, exchange_origin_sale_id, notes, cloud_device_id, cloud_local_id) VALUES (6, '2026-02-09 14:19:53', 93.0, 'CASH', '', 1, '2026-02-09', 2, '0002', 93.0, 0.0, 0.0, 0.0, 0.0, 0.0, 93.0, 93.0, 93.0, 0.0, 0, NULL, '', 'c446fb1b-7da0-4cf8-aa3e-402b7defdd53', '6');
INSERT INTO sales (id, created_at, total_amount, payment_method, customer_name, shift_id, receipt_date, receipt_seq, receipt_code, subtotal, discount, discount_total, tax, tax_total, shipping, net_sales, total_sales, cash_paid, store_credit_used, is_exchange, exchange_origin_sale_id, notes, cloud_device_id, cloud_local_id) VALUES (7, '2026-02-14 14:44:11', 20.0, 'CASH', '', 1, '2026-02-14', 1, '0001', 20.0, 0.0, 0.0, 0.0, 0.0, 0.0, 20.0, 20.0, 20.0, 0.0, 0, NULL, '', 'c446fb1b-7da0-4cf8-aa3e-402b7defdd53', '7');
INSERT INTO sales (id, created_at, total_amount, payment_method, customer_name, shift_id, receipt_date, receipt_seq, receipt_code, subtotal, discount, discount_total, tax, tax_total, shipping, net_sales, total_sales, cash_paid, store_credit_used, is_exchange, exchange_origin_sale_id, notes, cloud_device_id, cloud_local_id) VALUES (8, '2026-02-16 16:05:58', 22.5, 'CASH', '', 1, '2026-02-16', 1, '0001', 22.5, 0.0, 0.0, 0.0, 0.0, 0.0, 22.5, 22.5, 22.5, 0.0, 0, NULL, '', 'c446fb1b-7da0-4cf8-aa3e-402b7defdd53', '8');
INSERT INTO sales (id, created_at, total_amount, payment_method, customer_name, shift_id, receipt_date, receipt_seq, receipt_code, subtotal, discount, discount_total, tax, tax_total, shipping, net_sales, total_sales, cash_paid, store_credit_used, is_exchange, exchange_origin_sale_id, notes, cloud_device_id, cloud_local_id) VALUES (9, '2026-03-08 16:57:50', 30.0, 'CASH', '', 1, '2026-03-08', 1, '0001', 30.0, 0.0, 0.0, 0.0, 0.0, 0.0, 30.0, 30.0, 30.0, 0.0, 0, NULL, '', 'c446fb1b-7da0-4cf8-aa3e-402b7defdd53', '9');
INSERT INTO sales (id, created_at, total_amount, payment_method, customer_name, shift_id, receipt_date, receipt_seq, receipt_code, subtotal, discount, discount_total, tax, tax_total, shipping, net_sales, total_sales, cash_paid, store_credit_used, is_exchange, exchange_origin_sale_id, notes, cloud_device_id, cloud_local_id) VALUES (10, '2026-03-09 15:55:06', 30.0, 'CASH', '', 1, '2026-03-09', 1, '0001', 30.0, 0.0, 0.0, 0.0, 0.0, 0.0, 30.0, 30.0, 30.0, 0.0, 0, NULL, '', 'c446fb1b-7da0-4cf8-aa3e-402b7defdd53', '10');
INSERT INTO sales (id, created_at, total_amount, payment_method, customer_name, shift_id, receipt_date, receipt_seq, receipt_code, subtotal, discount, discount_total, tax, tax_total, shipping, net_sales, total_sales, cash_paid, store_credit_used, is_exchange, exchange_origin_sale_id, notes, cloud_device_id, cloud_local_id) VALUES (11, '2026-03-09 15:56:25', 13.0, 'CASH', '', 1, '2026-03-09', 2, '0002', 13.0, 0.0, 0.0, 0.0, 0.0, 0.0, 13.0, 13.0, 13.0, 0.0, 0, NULL, '', 'c446fb1b-7da0-4cf8-aa3e-402b7defdd53', '11');
INSERT INTO sales (id, created_at, total_amount, payment_method, customer_name, shift_id, receipt_date, receipt_seq, receipt_code, subtotal, discount, discount_total, tax, tax_total, shipping, net_sales, total_sales, cash_paid, store_credit_used, is_exchange, exchange_origin_sale_id, notes, cloud_device_id, cloud_local_id) VALUES (12, '2026-03-13 13:14:17', 96.0, 'CASH', '', 1, '2026-03-13', 1, '0001', 96.0, 0.0, 0.0, 0.0, 0.0, 0.0, 96.0, 96.0, 96.0, 0.0, 0, NULL, '', 'c446fb1b-7da0-4cf8-aa3e-402b7defdd53', '12');
INSERT INTO sales (id, created_at, total_amount, payment_method, customer_name, shift_id, receipt_date, receipt_seq, receipt_code, subtotal, discount, discount_total, tax, tax_total, shipping, net_sales, total_sales, cash_paid, store_credit_used, is_exchange, exchange_origin_sale_id, notes, cloud_device_id, cloud_local_id) VALUES (13, '2026-03-13 13:31:03', 23.0, 'CASH', '', 1, '2026-03-13', 2, '0002', 23.0, 0.0, 0.0, 0.0, 0.0, 0.0, 23.0, 23.0, 23.0, 0.0, 0, NULL, '', 'c446fb1b-7da0-4cf8-aa3e-402b7defdd53', '13');
INSERT INTO sales (id, created_at, total_amount, payment_method, customer_name, shift_id, receipt_date, receipt_seq, receipt_code, subtotal, discount, discount_total, tax, tax_total, shipping, net_sales, total_sales, cash_paid, store_credit_used, is_exchange, exchange_origin_sale_id, notes, cloud_device_id, cloud_local_id) VALUES (18, '2026-03-16 12:34:45', 25.0, 'CASH', '', 2, '2026-03-16', 1, '0001', 25.0, 0.0, 0.0, 0.0, 0.0, 0.0, 25.0, 25.0, 25.0, 0.0, 0, NULL, '', 'c446fb1b-7da0-4cf8-aa3e-402b7defdd53', '18');
INSERT INTO sales (id, created_at, total_amount, payment_method, customer_name, shift_id, receipt_date, receipt_seq, receipt_code, subtotal, discount, discount_total, tax, tax_total, shipping, net_sales, total_sales, cash_paid, store_credit_used, is_exchange, exchange_origin_sale_id, notes, cloud_device_id, cloud_local_id) VALUES (19, '2026-03-16 14:15:35', 14.0, 'CASH', '', 2, '2026-03-16', 2, '0002', 14.0, 0.0, 0.0, 0.0, 0.0, 0.0, 14.0, 14.0, 14.0, 0.0, 0, NULL, '', 'c446fb1b-7da0-4cf8-aa3e-402b7defdd53', '19');
INSERT INTO sales (id, created_at, total_amount, payment_method, customer_name, shift_id, receipt_date, receipt_seq, receipt_code, subtotal, discount, discount_total, tax, tax_total, shipping, net_sales, total_sales, cash_paid, store_credit_used, is_exchange, exchange_origin_sale_id, notes, cloud_device_id, cloud_local_id) VALUES (20, '2026-03-16 14:24:05', 56.0, 'CASH', '', 2, '2026-03-16', 3, '0003', 56.0, 0.0, 0.0, 0.0, 0.0, 0.0, 56.0, 56.0, 56.0, 0.0, 0, NULL, '', 'c446fb1b-7da0-4cf8-aa3e-402b7defdd53', '20');
INSERT INTO sales (id, created_at, total_amount, payment_method, customer_name, shift_id, receipt_date, receipt_seq, receipt_code, subtotal, discount, discount_total, tax, tax_total, shipping, net_sales, total_sales, cash_paid, store_credit_used, is_exchange, exchange_origin_sale_id, notes, cloud_device_id, cloud_local_id) VALUES (21, '2026-03-16 14:42:21', 0.0, 'CASH', '', 2, '2026-03-16', 4, '0004', 0.0, 0.0, 0.0, 0.0, 0.0, 0.0, 0.0, 0.0, 0.0, 0.0, 0, NULL, '', 'c446fb1b-7da0-4cf8-aa3e-402b7defdd53', '21');
INSERT INTO sales (id, created_at, total_amount, payment_method, customer_name, shift_id, receipt_date, receipt_seq, receipt_code, subtotal, discount, discount_total, tax, tax_total, shipping, net_sales, total_sales, cash_paid, store_credit_used, is_exchange, exchange_origin_sale_id, notes, cloud_device_id, cloud_local_id) VALUES (22, '2026-03-17 18:03:58', 18.0, 'CASH', '', 2, '2026-03-17', 1, '0001', 18.0, 0.0, 0.0, 0.0, 0.0, 0.0, 18.0, 18.0, 18.0, 0.0, 0, NULL, '', 'c446fb1b-7da0-4cf8-aa3e-402b7defdd53', '22');
INSERT INTO sales (id, created_at, total_amount, payment_method, customer_name, shift_id, receipt_date, receipt_seq, receipt_code, subtotal, discount, discount_total, tax, tax_total, shipping, net_sales, total_sales, cash_paid, store_credit_used, is_exchange, exchange_origin_sale_id, notes, cloud_device_id, cloud_local_id) VALUES (23, '2026-03-18 10:50:45', 25.0, 'CASH', '', 2, '2026-03-18', 1, '0001', 25.0, 0.0, 0.0, 0.0, 0.0, 0.0, 25.0, 25.0, 25.0, 0.0, 0, NULL, '', 'c446fb1b-7da0-4cf8-aa3e-402b7defdd53', '23');
INSERT INTO sales (id, created_at, total_amount, payment_method, customer_name, shift_id, receipt_date, receipt_seq, receipt_code, subtotal, discount, discount_total, tax, tax_total, shipping, net_sales, total_sales, cash_paid, store_credit_used, is_exchange, exchange_origin_sale_id, notes, cloud_device_id, cloud_local_id) VALUES (27, '2026-03-18 10:58:20', 1.0, 'CASH', '', 2, '2026-03-18', 5, '0005', 1.0, 0.0, 0.0, 0.0, 0.0, 0.0, 1.0, 1.0, 1.0, 0.0, 0, NULL, '', 'c446fb1b-7da0-4cf8-aa3e-402b7defdd53', '27');
INSERT INTO sales (id, created_at, total_amount, payment_method, customer_name, shift_id, receipt_date, receipt_seq, receipt_code, subtotal, discount, discount_total, tax, tax_total, shipping, net_sales, total_sales, cash_paid, store_credit_used, is_exchange, exchange_origin_sale_id, notes, cloud_device_id, cloud_local_id) VALUES (28, '2026-03-18 12:03:43', 76.0, 'CASH', '', 2, '2026-03-18', 6, '0006', 76.0, 0.0, 0.0, 0.0, 0.0, 0.0, 76.0, 76.0, 76.0, 0.0, 0, NULL, '', 'c446fb1b-7da0-4cf8-aa3e-402b7defdd53', '28');
INSERT INTO sales (id, created_at, total_amount, payment_method, customer_name, shift_id, receipt_date, receipt_seq, receipt_code, subtotal, discount, discount_total, tax, tax_total, shipping, net_sales, total_sales, cash_paid, store_credit_used, is_exchange, exchange_origin_sale_id, notes, cloud_device_id, cloud_local_id) VALUES (31, '2026-03-18 13:22:56', 40.0, 'CASH', '', 2, '2026-03-18', 7, '0007', 40.0, 0.0, 0.0, 0.0, 0.0, 0.0, 40.0, 40.0, 40.0, 0.0, 0, NULL, '', 'c446fb1b-7da0-4cf8-aa3e-402b7defdd53', '31');
INSERT INTO sales (id, created_at, total_amount, payment_method, customer_name, shift_id, receipt_date, receipt_seq, receipt_code, subtotal, discount, discount_total, tax, tax_total, shipping, net_sales, total_sales, cash_paid, store_credit_used, is_exchange, exchange_origin_sale_id, notes, cloud_device_id, cloud_local_id) VALUES (32, '2026-03-18 16:14:32', 15.0, 'CASH', '', 2, '2026-03-18', 8, '0008', 15.0, 0.0, 0.0, 0.0, 0.0, 0.0, 15.0, 15.0, 15.0, 0.0, 0, NULL, '', 'c446fb1b-7da0-4cf8-aa3e-402b7defdd53', '32');
INSERT INTO sales (id, created_at, total_amount, payment_method, customer_name, shift_id, receipt_date, receipt_seq, receipt_code, subtotal, discount, discount_total, tax, tax_total, shipping, net_sales, total_sales, cash_paid, store_credit_used, is_exchange, exchange_origin_sale_id, notes, cloud_device_id, cloud_local_id) VALUES (34, '2026-03-18 16:17:17', 25.0, 'CASH', '', 2, '2026-03-18', 9, '0009', 25.0, 0.0, 0.0, 0.0, 0.0, 0.0, 25.0, 25.0, 25.0, 0.0, 0, NULL, '', 'c446fb1b-7da0-4cf8-aa3e-402b7defdd53', '34');
INSERT INTO sales (id, created_at, total_amount, payment_method, customer_name, shift_id, receipt_date, receipt_seq, receipt_code, subtotal, discount, discount_total, tax, tax_total, shipping, net_sales, total_sales, cash_paid, store_credit_used, is_exchange, exchange_origin_sale_id, notes, cloud_device_id, cloud_local_id) VALUES (35, '2026-03-18 16:49:23', 30.0, 'CASH', '', 2, '2026-03-18', 10, '0010', 30.0, 0.0, 0.0, 0.0, 0.0, 0.0, 30.0, 30.0, 30.0, 0.0, 0, NULL, '', 'c446fb1b-7da0-4cf8-aa3e-402b7defdd53', '35');
INSERT INTO sales (id, created_at, total_amount, payment_method, customer_name, shift_id, receipt_date, receipt_seq, receipt_code, subtotal, discount, discount_total, tax, tax_total, shipping, net_sales, total_sales, cash_paid, store_credit_used, is_exchange, exchange_origin_sale_id, notes, cloud_device_id, cloud_local_id) VALUES (36, '2026-03-21 16:29:58', 59.0, 'CASH', '', 2, '2026-03-21', 1, '0001', 59.0, 0.0, 0.0, 0.0, 0.0, 0.0, 59.0, 59.0, 59.0, 0.0, 0, NULL, '', 'c446fb1b-7da0-4cf8-aa3e-402b7defdd53', '36');
INSERT INTO sales (id, created_at, total_amount, payment_method, customer_name, shift_id, receipt_date, receipt_seq, receipt_code, subtotal, discount, discount_total, tax, tax_total, shipping, net_sales, total_sales, cash_paid, store_credit_used, is_exchange, exchange_origin_sale_id, notes, cloud_device_id, cloud_local_id) VALUES (37, '2026-03-21 16:58:15', 30.0, 'CASH', '', 2, '2026-03-21', 2, '0002', 30.0, 0.0, 0.0, 0.0, 0.0, 0.0, 30.0, 30.0, 30.0, 0.0, 0, NULL, '', 'c446fb1b-7da0-4cf8-aa3e-402b7defdd53', '37');
INSERT INTO sales (id, created_at, total_amount, payment_method, customer_name, shift_id, receipt_date, receipt_seq, receipt_code, subtotal, discount, discount_total, tax, tax_total, shipping, net_sales, total_sales, cash_paid, store_credit_used, is_exchange, exchange_origin_sale_id, notes, cloud_device_id, cloud_local_id) VALUES (38, '2026-04-25 13:17:52', 10.0, 'CASH', '', 2, '2026-04-25', 1, '0001', 10.0, 0.0, 0.0, 0.0, 0.0, 0.0, 10.0, 10.0, 10.0, 0.0, 0, NULL, '', 'c446fb1b-7da0-4cf8-aa3e-402b7defdd53', '38');
INSERT INTO sales (id, created_at, total_amount, payment_method, customer_name, shift_id, receipt_date, receipt_seq, receipt_code, subtotal, discount, discount_total, tax, tax_total, shipping, net_sales, total_sales, cash_paid, store_credit_used, is_exchange, exchange_origin_sale_id, notes, cloud_device_id, cloud_local_id) VALUES (39, '2026-05-11 15:36:21', 7.5, 'CASH', '', 2, '2026-05-11', 1, '0001', 7.5, 0.0, 0.0, 0.0, 0.0, 0.0, 7.5, 7.5, 7.5, 0.0, 0, NULL, '', 'c446fb1b-7da0-4cf8-aa3e-402b7defdd53', '39');
INSERT INTO sales (id, created_at, total_amount, payment_method, customer_name, shift_id, receipt_date, receipt_seq, receipt_code, subtotal, discount, discount_total, tax, tax_total, shipping, net_sales, total_sales, cash_paid, store_credit_used, is_exchange, exchange_origin_sale_id, notes, cloud_device_id, cloud_local_id) VALUES (40, '2026-05-11 15:38:35', 15.0, 'CASH', '', 2, '2026-05-11', 2, '0002', 15.0, 0.0, 0.0, 0.0, 0.0, 0.0, 15.0, 15.0, 15.0, 0.0, 0, NULL, '', 'c446fb1b-7da0-4cf8-aa3e-402b7defdd53', '40');
INSERT INTO sales (id, created_at, total_amount, payment_method, customer_name, shift_id, receipt_date, receipt_seq, receipt_code, subtotal, discount, discount_total, tax, tax_total, shipping, net_sales, total_sales, cash_paid, store_credit_used, is_exchange, exchange_origin_sale_id, notes, cloud_device_id, cloud_local_id) VALUES (41, '2026-05-11 16:29:50', 1.0, 'CASH', '', 3, '2026-05-11', 3, '0003', 1.0, 0.0, 0.0, 0.0, 0.0, 0.0, 1.0, 1.0, 1.0, 0.0, 0, NULL, '', 'c446fb1b-7da0-4cf8-aa3e-402b7defdd53', '41');
INSERT INTO sales (id, created_at, total_amount, payment_method, customer_name, shift_id, receipt_date, receipt_seq, receipt_code, subtotal, discount, discount_total, tax, tax_total, shipping, net_sales, total_sales, cash_paid, store_credit_used, is_exchange, exchange_origin_sale_id, notes, cloud_device_id, cloud_local_id) VALUES (42, '2026-05-13 15:45:41', 20.0, 'CASH', '', 3, '2026-05-13', 1, '0001', 20.0, 0.0, 0.0, 0.0, 0.0, 0.0, 20.0, 20.0, 20.0, 0.0, 0, NULL, '', 'c446fb1b-7da0-4cf8-aa3e-402b7defdd53', '42');
INSERT INTO sales (id, created_at, total_amount, payment_method, customer_name, shift_id, receipt_date, receipt_seq, receipt_code, subtotal, discount, discount_total, tax, tax_total, shipping, net_sales, total_sales, cash_paid, store_credit_used, is_exchange, exchange_origin_sale_id, notes, cloud_device_id, cloud_local_id) VALUES (43, '2026-05-13 15:46:47', 42.0, 'CASH', '', 3, '2026-05-13', 2, '0002', 42.0, 0.0, 0.0, 0.0, 0.0, 0.0, 42.0, 42.0, 42.0, 0.0, 0, NULL, '', 'c446fb1b-7da0-4cf8-aa3e-402b7defdd53', '43');
INSERT INTO sales (id, created_at, total_amount, payment_method, customer_name, shift_id, receipt_date, receipt_seq, receipt_code, subtotal, discount, discount_total, tax, tax_total, shipping, net_sales, total_sales, cash_paid, store_credit_used, is_exchange, exchange_origin_sale_id, notes, cloud_device_id, cloud_local_id) VALUES (44, '2026-05-16 17:02:05', 89.0, 'CASH', '', 3, '2026-05-16', 1, '0001', 89.0, 0.0, 0.0, 0.0, 0.0, 0.0, 89.0, 89.0, 89.0, 0.0, 0, NULL, '', 'c446fb1b-7da0-4cf8-aa3e-402b7defdd53', '44');
INSERT INTO sales (id, created_at, total_amount, payment_method, customer_name, shift_id, receipt_date, receipt_seq, receipt_code, subtotal, discount, discount_total, tax, tax_total, shipping, net_sales, total_sales, cash_paid, store_credit_used, is_exchange, exchange_origin_sale_id, notes, cloud_device_id, cloud_local_id) VALUES (45, '2026-05-16 21:51:02', 2.5, 'CASH', '', 3, '2026-05-16', 2, '0002', 2.5, 0.0, 0.0, 0.0, 0.0, 0.0, 2.5, 2.5, 2.5, 0.0, 0, NULL, '', 'c446fb1b-7da0-4cf8-aa3e-402b7defdd53', '45');
INSERT INTO sales (id, created_at, total_amount, payment_method, customer_name, shift_id, receipt_date, receipt_seq, receipt_code, subtotal, discount, discount_total, tax, tax_total, shipping, net_sales, total_sales, cash_paid, store_credit_used, is_exchange, exchange_origin_sale_id, notes, cloud_device_id, cloud_local_id) VALUES (46, '2026-05-16 22:26:57', 15.0, 'CASH', '', 3, '2026-05-16', 2, '0002', 15.0, 0.0, 0.0, 0.0, 0.0, 0.0, 15.0, 15.0, 15.0, 0.0, 0, NULL, '', 'c446fb1b-7da0-4cf8-aa3e-402b7defdd53', '46');
INSERT INTO sales (id, created_at, total_amount, payment_method, customer_name, shift_id, receipt_date, receipt_seq, receipt_code, subtotal, discount, discount_total, tax, tax_total, shipping, net_sales, total_sales, cash_paid, store_credit_used, is_exchange, exchange_origin_sale_id, notes, cloud_device_id, cloud_local_id) VALUES (47, '2026-05-16 22:56:31', 1.0, 'CASH', '', 3, '2026-05-16', 2, '0002', 1.0, 0.0, 0.0, 0.0, 0.0, 0.0, 1.0, 1.0, 1.0, 0.0, 0, NULL, '', 'c446fb1b-7da0-4cf8-aa3e-402b7defdd53', '47');
INSERT INTO sales (id, created_at, total_amount, payment_method, customer_name, shift_id, receipt_date, receipt_seq, receipt_code, subtotal, discount, discount_total, tax, tax_total, shipping, net_sales, total_sales, cash_paid, store_credit_used, is_exchange, exchange_origin_sale_id, notes, cloud_device_id, cloud_local_id) VALUES (48, '2026-05-16 23:04:23', 12.0, 'CASH', '', 3, '2026-05-16', 2, '0002', 12.0, 0.0, 0.0, 0.0, 0.0, 0.0, 12.0, 12.0, 12.0, 0.0, 0, NULL, '', 'c446fb1b-7da0-4cf8-aa3e-402b7defdd53', '48');
INSERT INTO sales (id, created_at, total_amount, payment_method, customer_name, shift_id, receipt_date, receipt_seq, receipt_code, subtotal, discount, discount_total, tax, tax_total, shipping, net_sales, total_sales, cash_paid, store_credit_used, is_exchange, exchange_origin_sale_id, notes, cloud_device_id, cloud_local_id) VALUES (49, '2026-05-16 23:07:18', 1.0, 'CASH', '', 3, '2026-05-16', 3, '0003', 1.0, 0.0, 0.0, 0.0, 0.0, 0.0, 1.0, 1.0, 1.0, 0.0, 0, NULL, '', 'c446fb1b-7da0-4cf8-aa3e-402b7defdd53', '49');
INSERT INTO sales (id, created_at, total_amount, payment_method, customer_name, shift_id, receipt_date, receipt_seq, receipt_code, subtotal, discount, discount_total, tax, tax_total, shipping, net_sales, total_sales, cash_paid, store_credit_used, is_exchange, exchange_origin_sale_id, notes, cloud_device_id, cloud_local_id) VALUES (50, '2026-05-17 09:39:41', 15.0, 'CASH', '', 3, '2026-05-17', 1, '0001', 15.0, 0.0, 0.0, 0.0, 0.0, 0.0, 15.0, 15.0, 15.0, 0.0, 0, NULL, '', 'c446fb1b-7da0-4cf8-aa3e-402b7defdd53', '50');
INSERT INTO sales (id, created_at, total_amount, payment_method, customer_name, shift_id, receipt_date, receipt_seq, receipt_code, subtotal, discount, discount_total, tax, tax_total, shipping, net_sales, total_sales, cash_paid, store_credit_used, is_exchange, exchange_origin_sale_id, notes, cloud_device_id, cloud_local_id) VALUES (51, '2026-05-17 09:41:35', 25.0, 'CASH', '', 3, '2026-05-17', 2, '0002', 25.0, 0.0, 0.0, 0.0, 0.0, 0.0, 25.0, 25.0, 25.0, 0.0, 0, NULL, '', 'c446fb1b-7da0-4cf8-aa3e-402b7defdd53', '51');
INSERT INTO sales (id, created_at, total_amount, payment_method, customer_name, shift_id, receipt_date, receipt_seq, receipt_code, subtotal, discount, discount_total, tax, tax_total, shipping, net_sales, total_sales, cash_paid, store_credit_used, is_exchange, exchange_origin_sale_id, notes, cloud_device_id, cloud_local_id) VALUES (52, '2026-05-17 09:42:25', 20.0, 'CASH', '', 3, '2026-05-17', 3, '0003', 20.0, 0.0, 0.0, 0.0, 0.0, 0.0, 20.0, 20.0, 20.0, 0.0, 0, NULL, '', 'c446fb1b-7da0-4cf8-aa3e-402b7defdd53', '52');
INSERT INTO sales (id, created_at, total_amount, payment_method, customer_name, shift_id, receipt_date, receipt_seq, receipt_code, subtotal, discount, discount_total, tax, tax_total, shipping, net_sales, total_sales, cash_paid, store_credit_used, is_exchange, exchange_origin_sale_id, notes, cloud_device_id, cloud_local_id) VALUES (53, '2026-05-17 11:17:02', 15.0, 'CASH', '', 5, '2026-05-17', 4, '0004', 15.0, 0.0, 0.0, 0.0, 0.0, 0.0, 15.0, 15.0, 15.0, 0.0, 0, NULL, '', 'c446fb1b-7da0-4cf8-aa3e-402b7defdd53', '53');
INSERT INTO sales (id, created_at, total_amount, payment_method, customer_name, shift_id, receipt_date, receipt_seq, receipt_code, subtotal, discount, discount_total, tax, tax_total, shipping, net_sales, total_sales, cash_paid, store_credit_used, is_exchange, exchange_origin_sale_id, notes, cloud_device_id, cloud_local_id) VALUES (54, '2026-05-17 11:36:27', 1.0, 'CASH', '', 5, '2026-05-17', 5, '0005', 1.0, 0.0, 0.0, 0.0, 0.0, 0.0, 1.0, 1.0, 1.0, 0.0, 0, NULL, '', 'c446fb1b-7da0-4cf8-aa3e-402b7defdd53', '54');
INSERT INTO sales (id, created_at, total_amount, payment_method, customer_name, shift_id, receipt_date, receipt_seq, receipt_code, subtotal, discount, discount_total, tax, tax_total, shipping, net_sales, total_sales, cash_paid, store_credit_used, is_exchange, exchange_origin_sale_id, notes, cloud_device_id, cloud_local_id) VALUES (55, '2026-05-17 11:42:57', 1.0, 'CASH', '', 5, '2026-05-17', 6, '0006', 1.0, 0.0, 0.0, 0.0, 0.0, 0.0, 1.0, 1.0, 1.0, 0.0, 0, NULL, '', 'c446fb1b-7da0-4cf8-aa3e-402b7defdd53', '55');
INSERT INTO sales (id, created_at, total_amount, payment_method, customer_name, shift_id, receipt_date, receipt_seq, receipt_code, subtotal, discount, discount_total, tax, tax_total, shipping, net_sales, total_sales, cash_paid, store_credit_used, is_exchange, exchange_origin_sale_id, notes, cloud_device_id, cloud_local_id) VALUES (56, '2026-05-17 12:41:37', 12.0, 'CASH', '', 17, '2026-05-17', 7, '0007', 12.0, 0.0, 0.0, 0.0, 0.0, 0.0, 12.0, 12.0, 12.0, 0.0, 0, NULL, '', 'c446fb1b-7da0-4cf8-aa3e-402b7defdd53', '56');
INSERT INTO sales (id, created_at, total_amount, payment_method, customer_name, shift_id, receipt_date, receipt_seq, receipt_code, subtotal, discount, discount_total, tax, tax_total, shipping, net_sales, total_sales, cash_paid, store_credit_used, is_exchange, exchange_origin_sale_id, notes, cloud_device_id, cloud_local_id) VALUES (57, '2026-05-19 13:41:44', 95.0, 'CASH', '', 31, '2026-05-19', 1, '0001', 95.0, 0.0, 0.0, 0.0, 0.0, 0.0, 95.0, 95.0, 95.0, 0.0, 0, NULL, '', 'c446fb1b-7da0-4cf8-aa3e-402b7defdd53', '57');
INSERT INTO sales (id, created_at, total_amount, payment_method, customer_name, shift_id, receipt_date, receipt_seq, receipt_code, subtotal, discount, discount_total, tax, tax_total, shipping, net_sales, total_sales, cash_paid, store_credit_used, is_exchange, exchange_origin_sale_id, notes, cloud_device_id, cloud_local_id) VALUES (58, '2026-05-19 13:46:20', 15.0, 'CASH', '', 31, '2026-05-19', 2, '0002', 15.0, 0.0, 0.0, 0.0, 0.0, 0.0, 15.0, 15.0, 15.0, 0.0, 0, NULL, '', 'c446fb1b-7da0-4cf8-aa3e-402b7defdd53', '58');
INSERT INTO sales (id, created_at, total_amount, payment_method, customer_name, shift_id, receipt_date, receipt_seq, receipt_code, subtotal, discount, discount_total, tax, tax_total, shipping, net_sales, total_sales, cash_paid, store_credit_used, is_exchange, exchange_origin_sale_id, notes, cloud_device_id, cloud_local_id) VALUES (59, '2026-05-19 17:26:48', 12.0, 'CASH', '', 32, '2026-05-19', 3, '0003', 12.0, 0.0, 0.0, 0.0, 0.0, 0.0, 12.0, 12.0, 12.0, 0.0, 0, NULL, '', 'c446fb1b-7da0-4cf8-aa3e-402b7defdd53', '59');
INSERT INTO sales (id, created_at, total_amount, payment_method, customer_name, shift_id, receipt_date, receipt_seq, receipt_code, subtotal, discount, discount_total, tax, tax_total, shipping, net_sales, total_sales, cash_paid, store_credit_used, is_exchange, exchange_origin_sale_id, notes, cloud_device_id, cloud_local_id) VALUES (60, '2026-05-19 18:10:37', 19.0, 'CASH', '', 32, '2026-05-19', 4, '0004', 19.0, 0.0, 0.0, 0.0, 0.0, 0.0, 19.0, 19.0, 19.0, 0.0, 0, NULL, '', 'c446fb1b-7da0-4cf8-aa3e-402b7defdd53', '60');
INSERT INTO sales (id, created_at, total_amount, payment_method, customer_name, shift_id, receipt_date, receipt_seq, receipt_code, subtotal, discount, discount_total, tax, tax_total, shipping, net_sales, total_sales, cash_paid, store_credit_used, is_exchange, exchange_origin_sale_id, notes, cloud_device_id, cloud_local_id) VALUES (61, '2026-05-19 18:12:16', 34.0, 'CASH', '', 32, '2026-05-19', 5, '0005', 34.0, 0.0, 0.0, 0.0, 0.0, 0.0, 34.0, 34.0, 34.0, 0.0, 0, NULL, '', 'c446fb1b-7da0-4cf8-aa3e-402b7defdd53', '61');
INSERT INTO sales (id, created_at, total_amount, payment_method, customer_name, shift_id, receipt_date, receipt_seq, receipt_code, subtotal, discount, discount_total, tax, tax_total, shipping, net_sales, total_sales, cash_paid, store_credit_used, is_exchange, exchange_origin_sale_id, notes, cloud_device_id, cloud_local_id) VALUES (62, '2026-05-19 18:17:12', 10.0, 'CASH', '', 32, '2026-05-19', 6, '0006', 10.0, 0.0, 0.0, 0.0, 0.0, 0.0, 10.0, 10.0, 10.0, 0.0, 0, NULL, '', 'c446fb1b-7da0-4cf8-aa3e-402b7defdd53', '62');
INSERT INTO sales (id, created_at, total_amount, payment_method, customer_name, shift_id, receipt_date, receipt_seq, receipt_code, subtotal, discount, discount_total, tax, tax_total, shipping, net_sales, total_sales, cash_paid, store_credit_used, is_exchange, exchange_origin_sale_id, notes, cloud_device_id, cloud_local_id) VALUES (63, '2026-05-19 18:48:17', 4.0, 'CASH', '', 32, '2026-05-19', 7, '0007', 4.0, 0.0, 0.0, 0.0, 0.0, 0.0, 4.0, 4.0, 4.0, 0.0, 0, NULL, '', 'c446fb1b-7da0-4cf8-aa3e-402b7defdd53', '63');
INSERT INTO sales (id, created_at, total_amount, payment_method, customer_name, shift_id, receipt_date, receipt_seq, receipt_code, subtotal, discount, discount_total, tax, tax_total, shipping, net_sales, total_sales, cash_paid, store_credit_used, is_exchange, exchange_origin_sale_id, notes, cloud_device_id, cloud_local_id) VALUES (64, '2026-05-20 10:34:32', 8.0, 'CASH', '', 33, '2026-05-20', 1, '0001', 8.0, 0.0, 0.0, 0.0, 0.0, 0.0, 8.0, 8.0, 8.0, 0.0, 0, NULL, '', 'c446fb1b-7da0-4cf8-aa3e-402b7defdd53', '64');
INSERT INTO sales (id, created_at, total_amount, payment_method, customer_name, shift_id, receipt_date, receipt_seq, receipt_code, subtotal, discount, discount_total, tax, tax_total, shipping, net_sales, total_sales, cash_paid, store_credit_used, is_exchange, exchange_origin_sale_id, notes, cloud_device_id, cloud_local_id) VALUES (65, '2026-05-20 10:52:43', 20.0, 'CASH', '', 33, '2026-05-20', 2, '0002', 20.0, 0.0, 0.0, 0.0, 0.0, 0.0, 20.0, 20.0, 20.0, 0.0, 0, NULL, '', 'c446fb1b-7da0-4cf8-aa3e-402b7defdd53', '65');
INSERT INTO sales (id, created_at, total_amount, payment_method, customer_name, shift_id, receipt_date, receipt_seq, receipt_code, subtotal, discount, discount_total, tax, tax_total, shipping, net_sales, total_sales, cash_paid, store_credit_used, is_exchange, exchange_origin_sale_id, notes, cloud_device_id, cloud_local_id) VALUES (66, '2026-05-20 10:55:05', 50.0, 'CASH', '', 33, '2026-05-20', 3, '0003', 50.0, 0.0, 0.0, 0.0, 0.0, 0.0, 50.0, 50.0, 50.0, 0.0, 0, NULL, '', 'c446fb1b-7da0-4cf8-aa3e-402b7defdd53', '66');
INSERT INTO sales (id, created_at, total_amount, payment_method, customer_name, shift_id, receipt_date, receipt_seq, receipt_code, subtotal, discount, discount_total, tax, tax_total, shipping, net_sales, total_sales, cash_paid, store_credit_used, is_exchange, exchange_origin_sale_id, notes, cloud_device_id, cloud_local_id) VALUES (67, '2026-05-20 12:44:41', 34.0, 'CASH', '', 33, '2026-05-20', 4, '0004', 34.0, 0.0, 0.0, 0.0, 0.0, 0.0, 34.0, 34.0, 34.0, 0.0, 0, NULL, '', 'c446fb1b-7da0-4cf8-aa3e-402b7defdd53', '67');
INSERT INTO sales (id, created_at, total_amount, payment_method, customer_name, shift_id, receipt_date, receipt_seq, receipt_code, subtotal, discount, discount_total, tax, tax_total, shipping, net_sales, total_sales, cash_paid, store_credit_used, is_exchange, exchange_origin_sale_id, notes, cloud_device_id, cloud_local_id) VALUES (68, '2026-05-20 12:57:39', 30.0, 'CASH', '', 33, '2026-05-20', 5, '0005', 30.0, 0.0, 0.0, 0.0, 0.0, 0.0, 30.0, 30.0, 30.0, 0.0, 0, NULL, '', 'c446fb1b-7da0-4cf8-aa3e-402b7defdd53', '68');
INSERT INTO sales (id, created_at, total_amount, payment_method, customer_name, shift_id, receipt_date, receipt_seq, receipt_code, subtotal, discount, discount_total, tax, tax_total, shipping, net_sales, total_sales, cash_paid, store_credit_used, is_exchange, exchange_origin_sale_id, notes, cloud_device_id, cloud_local_id) VALUES (69, '2026-05-20 13:05:44', 14.0, 'CASH', '', 33, '2026-05-20', 6, '0006', 14.0, 0.0, 0.0, 0.0, 0.0, 0.0, 14.0, 14.0, 14.0, 0.0, 0, NULL, '', 'c446fb1b-7da0-4cf8-aa3e-402b7defdd53', '69');
INSERT INTO sales (id, created_at, total_amount, payment_method, customer_name, shift_id, receipt_date, receipt_seq, receipt_code, subtotal, discount, discount_total, tax, tax_total, shipping, net_sales, total_sales, cash_paid, store_credit_used, is_exchange, exchange_origin_sale_id, notes, cloud_device_id, cloud_local_id) VALUES (70, '2026-05-25 15:07:00', 10.0, 'CASH', '', 34, '2026-05-25', 1, '0001', 10.0, 0.0, 0.0, 0.0, 0.0, 0.0, 10.0, 10.0, 10.0, 0.0, 0, NULL, '', 'c446fb1b-7da0-4cf8-aa3e-402b7defdd53', '70');
INSERT INTO sales (id, created_at, total_amount, payment_method, customer_name, shift_id, receipt_date, receipt_seq, receipt_code, subtotal, discount, discount_total, tax, tax_total, shipping, net_sales, total_sales, cash_paid, store_credit_used, is_exchange, exchange_origin_sale_id, notes, cloud_device_id, cloud_local_id) VALUES (71, '2026-05-25 15:50:08', 15.0, 'CASH', '', 34, '2026-05-25', 2, '0002', 15.0, 0.0, 0.0, 0.0, 0.0, 0.0, 15.0, 15.0, 15.0, 0.0, 0, NULL, '', 'c446fb1b-7da0-4cf8-aa3e-402b7defdd53', '71');
INSERT INTO sales (id, created_at, total_amount, payment_method, customer_name, shift_id, receipt_date, receipt_seq, receipt_code, subtotal, discount, discount_total, tax, tax_total, shipping, net_sales, total_sales, cash_paid, store_credit_used, is_exchange, exchange_origin_sale_id, notes, cloud_device_id, cloud_local_id) VALUES (72, '2026-05-27 11:57:54', 120.0, 'CASH', '', 34, '2026-05-27', 1, '0001', 120.0, 0.0, 0.0, 0.0, 0.0, 0.0, 120.0, 120.0, 120.0, 0.0, 0, NULL, '', 'c446fb1b-7da0-4cf8-aa3e-402b7defdd53', '72');
INSERT INTO sales (id, created_at, total_amount, payment_method, customer_name, shift_id, receipt_date, receipt_seq, receipt_code, subtotal, discount, discount_total, tax, tax_total, shipping, net_sales, total_sales, cash_paid, store_credit_used, is_exchange, exchange_origin_sale_id, notes, cloud_device_id, cloud_local_id) VALUES (73, '2026-05-29 15:58:51', 25.0, 'CASH', '', 34, '2026-05-29', 1, '0001', 25.0, 0.0, 0.0, 0.0, 0.0, 0.0, 25.0, 25.0, 25.0, 0.0, 0, NULL, '', 'c446fb1b-7da0-4cf8-aa3e-402b7defdd53', '73');
INSERT INTO sales (id, created_at, total_amount, payment_method, customer_name, shift_id, receipt_date, receipt_seq, receipt_code, subtotal, discount, discount_total, tax, tax_total, shipping, net_sales, total_sales, cash_paid, store_credit_used, is_exchange, exchange_origin_sale_id, notes, cloud_device_id, cloud_local_id) VALUES (74, '2026-05-29 17:58:06', 15.0, 'CASH', '', 34, '2026-05-29', 2, '0002', 15.0, 0.0, 0.0, 0.0, 0.0, 0.0, 15.0, 15.0, 15.0, 0.0, 0, NULL, '', 'c446fb1b-7da0-4cf8-aa3e-402b7defdd53', '74');
INSERT INTO sales (id, created_at, total_amount, payment_method, customer_name, shift_id, receipt_date, receipt_seq, receipt_code, subtotal, discount, discount_total, tax, tax_total, shipping, net_sales, total_sales, cash_paid, store_credit_used, is_exchange, exchange_origin_sale_id, notes, cloud_device_id, cloud_local_id) VALUES (75, '2026-05-29 18:01:55', 40.0, 'CASH', '', 34, '2026-05-29', 3, '0003', 40.0, 0.0, 0.0, 0.0, 0.0, 0.0, 40.0, 40.0, 40.0, 0.0, 0, NULL, '', 'c446fb1b-7da0-4cf8-aa3e-402b7defdd53', '75');
INSERT INTO sales (id, created_at, total_amount, payment_method, customer_name, shift_id, receipt_date, receipt_seq, receipt_code, subtotal, discount, discount_total, tax, tax_total, shipping, net_sales, total_sales, cash_paid, store_credit_used, is_exchange, exchange_origin_sale_id, notes, cloud_device_id, cloud_local_id) VALUES (76, '2026-05-30 16:45:44', 15.0, 'CASH', '', 34, '2026-05-30', 1, '0001', 15.0, 0.0, 0.0, 0.0, 0.0, 0.0, 15.0, 15.0, 15.0, 0.0, 0, NULL, '', 'c446fb1b-7da0-4cf8-aa3e-402b7defdd53', '76');
INSERT INTO sales (id, created_at, total_amount, payment_method, customer_name, shift_id, receipt_date, receipt_seq, receipt_code, subtotal, discount, discount_total, tax, tax_total, shipping, net_sales, total_sales, cash_paid, store_credit_used, is_exchange, exchange_origin_sale_id, notes, cloud_device_id, cloud_local_id) VALUES (77, '2026-05-30 16:47:05', 20.0, 'CASH', '', 34, '2026-05-30', 2, '0002', 20.0, 0.0, 0.0, 0.0, 0.0, 0.0, 20.0, 20.0, 20.0, 0.0, 0, NULL, '', 'c446fb1b-7da0-4cf8-aa3e-402b7defdd53', '77');
INSERT INTO sales (id, created_at, total_amount, payment_method, customer_name, shift_id, receipt_date, receipt_seq, receipt_code, subtotal, discount, discount_total, tax, tax_total, shipping, net_sales, total_sales, cash_paid, store_credit_used, is_exchange, exchange_origin_sale_id, notes, cloud_device_id, cloud_local_id) VALUES (78, '2026-05-30 17:00:33', 66.0, 'CASH', '', 34, '2026-05-30', 3, '0003', 66.0, 0.0, 0.0, 0.0, 0.0, 0.0, 66.0, 66.0, 66.0, 0.0, 0, NULL, '', 'c446fb1b-7da0-4cf8-aa3e-402b7defdd53', '78');
INSERT INTO sales (id, created_at, total_amount, payment_method, customer_name, shift_id, receipt_date, receipt_seq, receipt_code, subtotal, discount, discount_total, tax, tax_total, shipping, net_sales, total_sales, cash_paid, store_credit_used, is_exchange, exchange_origin_sale_id, notes, cloud_device_id, cloud_local_id) VALUES (79, '2026-05-31 13:16:19', 40.0, 'CASH', '', 34, '2026-05-31', 1, '0001', 40.0, 0.0, 0.0, 0.0, 0.0, 0.0, 40.0, 40.0, 40.0, 0.0, 0, NULL, '', 'c446fb1b-7da0-4cf8-aa3e-402b7defdd53', '79');
INSERT INTO sales (id, created_at, total_amount, payment_method, customer_name, shift_id, receipt_date, receipt_seq, receipt_code, subtotal, discount, discount_total, tax, tax_total, shipping, net_sales, total_sales, cash_paid, store_credit_used, is_exchange, exchange_origin_sale_id, notes, cloud_device_id, cloud_local_id) VALUES (80, '2026-06-05 14:14:44', 19.0, 'CASH', '', 34, '2026-06-05', 1, '0001', 19.0, 0.0, 0.0, 0.0, 0.0, 0.0, 19.0, 19.0, 19.0, 0.0, 0, NULL, '', 'c446fb1b-7da0-4cf8-aa3e-402b7defdd53', '80');
INSERT INTO sale_items (id, sale_id, product_id, name, price, qty, line_total, gross_line_total, discount_allocated) VALUES (5, 5, 9, 'Baby Ski Suit', 30.0, 1, 30.0, 30.0, 0.0);
INSERT INTO sale_items (id, sale_id, product_id, name, price, qty, line_total, gross_line_total, discount_allocated) VALUES (6, 5, 7, 'child ski suit (spyder)', 35.0, 1, 35.0, 35.0, 0.0);
INSERT INTO sale_items (id, sale_id, product_id, name, price, qty, line_total, gross_line_total, discount_allocated) VALUES (7, 5, 22, 'gloves', 5.0, 1, 5.0, 5.0, 0.0);
INSERT INTO sale_items (id, sale_id, product_id, name, price, qty, line_total, gross_line_total, discount_allocated) VALUES (8, 6, 25, 'ensamble', 18.0, 1, 18.0, 18.0, 0.0);
INSERT INTO sale_items (id, sale_id, product_id, name, price, qty, line_total, gross_line_total, discount_allocated) VALUES (9, 6, 26, 'pants', 12.0, 1, 12.0, 12.0, 0.0);
INSERT INTO sale_items (id, sale_id, product_id, name, price, qty, line_total, gross_line_total, discount_allocated) VALUES (10, 6, 27, 'jacket', 22.5, 2, 45.0, 45.0, 0.0);
INSERT INTO sale_items (id, sale_id, product_id, name, price, qty, line_total, gross_line_total, discount_allocated) VALUES (11, 6, 28, 'jacket fur', 18.0, 1, 18.0, 18.0, 0.0);
INSERT INTO sale_items (id, sale_id, product_id, name, price, qty, line_total, gross_line_total, discount_allocated) VALUES (12, 7, 8, 'Ski Pants Women', 20.0, 1, 20.0, 20.0, 0.0);
INSERT INTO sale_items (id, sale_id, product_id, name, price, qty, line_total, gross_line_total, discount_allocated) VALUES (13, 8, 29, 'Long Jacket', 45.0, 1, 22.5, 22.5, 0.0);
INSERT INTO sale_items (id, sale_id, product_id, name, price, qty, line_total, gross_line_total, discount_allocated) VALUES (14, 9, 102, 'Kids Set (Mincirik)', 30.0, 1, 30.0, 30.0, 0.0);
INSERT INTO sale_items (id, sale_id, product_id, name, price, qty, line_total, gross_line_total, discount_allocated) VALUES (15, 10, 9, 'Baby Ski Suit', 30.0, 1, 30.0, 30.0, 0.0);
INSERT INTO sale_items (id, sale_id, product_id, name, price, qty, line_total, gross_line_total, discount_allocated) VALUES (16, 11, 141, 'Tshirt', 13.0, 1, 13.0, 13.0, 0.0);
INSERT INTO sale_items (id, sale_id, product_id, name, price, qty, line_total, gross_line_total, discount_allocated) VALUES (17, 12, 142, 'Italian Amis  Women', 20.0, 3, 60.0, 60.0, 0.0);
INSERT INTO sale_items (id, sale_id, product_id, name, price, qty, line_total, gross_line_total, discount_allocated) VALUES (18, 12, 146, 'pants', 18.0, 2, 36.0, 36.0, 0.0);
INSERT INTO sale_items (id, sale_id, product_id, name, price, qty, line_total, gross_line_total, discount_allocated) VALUES (19, 13, 133, 'Girl Dress (417)', 20.0, 1, 20.0, 20.0, 0.0);
INSERT INTO sale_items (id, sale_id, product_id, name, price, qty, line_total, gross_line_total, discount_allocated) VALUES (20, 13, 147, 'socks', 3.0, 1, 3.0, 3.0, 0.0);
INSERT INTO sale_items (id, sale_id, product_id, name, price, qty, line_total, gross_line_total, discount_allocated) VALUES (25, 18, 116, 'Girl dressoverall', 25.0, 1, 25.0, 25.0, 0.0);
INSERT INTO sale_items (id, sale_id, product_id, name, price, qty, line_total, gross_line_total, discount_allocated) VALUES (26, 19, 48, 'Gilet Women', 20.0, 1, 14.0, 14.0, 0.0);
INSERT INTO sale_items (id, sale_id, product_id, name, price, qty, line_total, gross_line_total, discount_allocated) VALUES (27, 20, 62, 'Child Jean (eleysa)', 18.0, 1, 18.0, 18.0, 0.0);
INSERT INTO sale_items (id, sale_id, product_id, name, price, qty, line_total, gross_line_total, discount_allocated) VALUES (28, 20, 153, 'jeans', 25.0, 1, 25.0, 25.0, 0.0);
INSERT INTO sale_items (id, sale_id, product_id, name, price, qty, line_total, gross_line_total, discount_allocated) VALUES (29, 20, 154, 'kanze', 8.0, 1, 8.0, 8.0, 0.0);
INSERT INTO sale_items (id, sale_id, product_id, name, price, qty, line_total, gross_line_total, discount_allocated) VALUES (30, 20, 155, 'bra', 5.0, 1, 5.0, 5.0, 0.0);
INSERT INTO sale_items (id, sale_id, product_id, name, price, qty, line_total, gross_line_total, discount_allocated) VALUES (31, 21, 148, 'Italian Blouse', 10.0, 5, 0.0, 0.0, 0.0);
INSERT INTO sale_items (id, sale_id, product_id, name, price, qty, line_total, gross_line_total, discount_allocated) VALUES (32, 22, 157, 'Women Jeans (9969)', 18.0, 1, 18.0, 18.0, 0.0);
INSERT INTO sale_items (id, sale_id, product_id, name, price, qty, line_total, gross_line_total, discount_allocated) VALUES (33, 23, 100, 'Kids Set (50544)', 25.0, 1, 25.0, 25.0, 0.0);
INSERT INTO sale_items (id, sale_id, product_id, name, price, qty, line_total, gross_line_total, discount_allocated) VALUES (37, 27, 158, '1', 1.0, 1, 1.0, 1.0, 0.0);
INSERT INTO sale_items (id, sale_id, product_id, name, price, qty, line_total, gross_line_total, discount_allocated) VALUES (38, 28, 160, 'Kanze Bols', 10.0, 2, 20.0, 20.0, 0.0);
INSERT INTO sale_items (id, sale_id, product_id, name, price, qty, line_total, gross_line_total, discount_allocated) VALUES (39, 28, 161, 'Survet', 28.0, 2, 56.0, 56.0, 0.0);
INSERT INTO sale_items (id, sale_id, product_id, name, price, qty, line_total, gross_line_total, discount_allocated) VALUES (43, 31, 58, 'Child Jeans (ido girl)', 15.0, 1, 15.0, 15.0, 0.0);
INSERT INTO sale_items (id, sale_id, product_id, name, price, qty, line_total, gross_line_total, discount_allocated) VALUES (44, 31, 85, 'Jacket Jeans kid', 15.0, 1, 15.0, 15.0, 0.0);
INSERT INTO sale_items (id, sale_id, product_id, name, price, qty, line_total, gross_line_total, discount_allocated) VALUES (45, 31, 165, 'kANZE', 10.0, 1, 10.0, 10.0, 0.0);
INSERT INTO sale_items (id, sale_id, product_id, name, price, qty, line_total, gross_line_total, discount_allocated) VALUES (46, 32, 54, 'Child Jeans (ido)', 15.0, 1, 15.0, 15.0, 0.0);
INSERT INTO sale_items (id, sale_id, product_id, name, price, qty, line_total, gross_line_total, discount_allocated) VALUES (48, 34, 100, 'Kids Set (50544)', 25.0, 1, 25.0, 25.0, 0.0);
INSERT INTO sale_items (id, sale_id, product_id, name, price, qty, line_total, gross_line_total, discount_allocated) VALUES (49, 35, 44, 'Levis Men Jeans', 30.0, 1, 30.0, 30.0, 0.0);
INSERT INTO sale_items (id, sale_id, product_id, name, price, qty, line_total, gross_line_total, discount_allocated) VALUES (50, 36, 178, 'Boxer', 2.5, 2, 5.0, 5.0, 0.0);
INSERT INTO sale_items (id, sale_id, product_id, name, price, qty, line_total, gross_line_total, discount_allocated) VALUES (51, 36, 179, 'fanala', 3.0, 1, 3.0, 3.0, 0.0);
INSERT INTO sale_items (id, sale_id, product_id, name, price, qty, line_total, gross_line_total, discount_allocated) VALUES (52, 36, 180, 'tshirt', 10.0, 3, 30.0, 30.0, 0.0);
INSERT INTO sale_items (id, sale_id, product_id, name, price, qty, line_total, gross_line_total, discount_allocated) VALUES (53, 36, 181, 'Shoes', 21.0, 1, 21.0, 21.0, 0.0);
INSERT INTO sale_items (id, sale_id, product_id, name, price, qty, line_total, gross_line_total, discount_allocated) VALUES (54, 37, 173, 'Adidas Sport Set', 15.0, 2, 30.0, 30.0, 0.0);
INSERT INTO sale_items (id, sale_id, product_id, name, price, qty, line_total, gross_line_total, discount_allocated) VALUES (55, 38, 214, 'Boy Cargo Shorts', 10.0, 1, 10.0, 10.0, 0.0);
INSERT INTO sale_items (id, sale_id, product_id, name, price, qty, line_total, gross_line_total, discount_allocated) VALUES (56, 39, 242, 'Short Dress', 15.0, 1, 7.5, 7.5, 0.0);
INSERT INTO sale_items (id, sale_id, product_id, name, price, qty, line_total, gross_line_total, discount_allocated) VALUES (57, 40, 177, 'Jeans Ufo', 15.0, 1, 15.0, 15.0, 0.0);
INSERT INTO sale_items (id, sale_id, product_id, name, price, qty, line_total, gross_line_total, discount_allocated) VALUES (58, 41, 249, '1', 1.0, 1, 1.0, 1.0, 0.0);
INSERT INTO sale_items (id, sale_id, product_id, name, price, qty, line_total, gross_line_total, discount_allocated) VALUES (59, 42, 136, 'Kids Set(618)', 20.0, 1, 20.0, 20.0, 0.0);
INSERT INTO sale_items (id, sale_id, product_id, name, price, qty, line_total, gross_line_total, discount_allocated) VALUES (60, 43, 258, 'Tshirt Men', 12.0, 1, 12.0, 12.0, 0.0);
INSERT INTO sale_items (id, sale_id, product_id, name, price, qty, line_total, gross_line_total, discount_allocated) VALUES (61, 43, 253, 'Men Tshirt', 15.0, 2, 30.0, 30.0, 0.0);
INSERT INTO sale_items (id, sale_id, product_id, name, price, qty, line_total, gross_line_total, discount_allocated) VALUES (62, 44, 258, 'Tshirt Men', 12.0, 2, 24.0, 24.0, 0.0);
INSERT INTO sale_items (id, sale_id, product_id, name, price, qty, line_total, gross_line_total, discount_allocated) VALUES (63, 44, 261, 'Men Tshirt', 10.0, 5, 50.0, 50.0, 0.0);
INSERT INTO sale_items (id, sale_id, product_id, name, price, qty, line_total, gross_line_total, discount_allocated) VALUES (64, 44, 221, 'cotton shorts', 15.0, 1, 15.0, 15.0, 0.0);
INSERT INTO sale_items (id, sale_id, product_id, name, price, qty, line_total, gross_line_total, discount_allocated) VALUES (73, 45, NULL, 'Boxer', 2.5, 1, 2.5, 2.5, 0.0);
INSERT INTO sale_items (id, sale_id, product_id, name, price, qty, line_total, gross_line_total, discount_allocated) VALUES (74, 46, NULL, 'Amis (mixlife)', 15.0, 1, 15.0, 15.0, 0.0);
INSERT INTO sale_items (id, sale_id, product_id, name, price, qty, line_total, gross_line_total, discount_allocated) VALUES (75, 47, NULL, 'a', 1.0, 1, 1.0, 1.0, 0.0);
INSERT INTO sale_items (id, sale_id, product_id, name, price, qty, line_total, gross_line_total, discount_allocated) VALUES (76, 48, NULL, 'Adidas Sport Short Set', 12.0, 1, 12.0, 12.0, 0.0);
INSERT INTO sale_items (id, sale_id, product_id, name, price, qty, line_total, gross_line_total, discount_allocated) VALUES (77, 50, NULL, 'Adidas Sport Set', 15.0, 1, 15.0, 15.0, 0.0);
INSERT INTO sale_items (id, sale_id, product_id, name, price, qty, line_total, gross_line_total, discount_allocated) VALUES (78, 51, NULL, 'Adidas Sports Jackett', 25.0, 1, 25.0, 25.0, 0.0);
INSERT INTO sale_items (id, sale_id, product_id, name, price, qty, line_total, gross_line_total, discount_allocated) VALUES (79, 52, NULL, 'amis (polox)', 20.0, 1, 20.0, 20.0, 0.0);
INSERT INTO sale_items (id, sale_id, product_id, name, price, qty, line_total, gross_line_total, discount_allocated) VALUES (80, 49, NULL, '11', 1.0, 1, 1.0, 1.0, 0.0);
INSERT INTO sale_items (id, sale_id, product_id, name, price, qty, line_total, gross_line_total, discount_allocated) VALUES (81, 53, NULL, 'Adidas Sport Set', 15.0, 1, 15.0, 15.0, 0.0);
INSERT INTO sale_items (id, sale_id, product_id, name, price, qty, line_total, gross_line_total, discount_allocated) VALUES (82, 54, NULL, '1', 1.0, 1, 1.0, 1.0, 0.0);
INSERT INTO sale_items (id, sale_id, product_id, name, price, qty, line_total, gross_line_total, discount_allocated) VALUES (83, 55, NULL, '2', 1.0, 1, 1.0, 1.0, 0.0);
INSERT INTO sale_items (id, sale_id, product_id, name, price, qty, line_total, gross_line_total, discount_allocated) VALUES (84, 56, NULL, 'Adidas Sport Short Set', 12.0, 1, 12.0, 12.0, 0.0);
INSERT INTO sale_items (id, sale_id, product_id, name, price, qty, line_total, gross_line_total, discount_allocated) VALUES (85, 57, NULL, 'pants lenin', 25.0, 2, 46.12, 46.12, 0.0);
INSERT INTO sale_items (id, sale_id, product_id, name, price, qty, line_total, gross_line_total, discount_allocated) VALUES (86, 57, NULL, 'polo', 15.0, 1, 13.83, 13.83, 0.0);
INSERT INTO sale_items (id, sale_id, product_id, name, price, qty, line_total, gross_line_total, discount_allocated) VALUES (87, 57, NULL, 'amis', 20.0, 1, 18.45, 18.45, 0.0);
INSERT INTO sale_items (id, sale_id, product_id, name, price, qty, line_total, gross_line_total, discount_allocated) VALUES (88, 57, NULL, 'Men Jeans Turkish', 18.0, 1, 16.6, 16.6, 0.0);
INSERT INTO sale_items (id, sale_id, product_id, name, price, qty, line_total, gross_line_total, discount_allocated) VALUES (89, 58, NULL, 'Adidas Sport Set', 15.0, 1, 15.0, 15.0, 0.0);
INSERT INTO sale_items (id, sale_id, product_id, name, price, qty, line_total, gross_line_total, discount_allocated) VALUES (90, 59, NULL, 'Polo Kids', 12.0, 1, 12.0, 12.0, 0.0);
INSERT INTO sale_items (id, sale_id, product_id, name, price, qty, line_total, gross_line_total, discount_allocated) VALUES (91, 60, NULL, 'Men Sports Pants', 15.0, 1, 15.0, 15.0, 0.0);
INSERT INTO sale_items (id, sale_id, product_id, name, price, qty, line_total, gross_line_total, discount_allocated) VALUES (92, 60, NULL, 'socks', 4.0, 1, 4.0, 4.0, 0.0);
INSERT INTO sale_items (id, sale_id, product_id, name, price, qty, line_total, gross_line_total, discount_allocated) VALUES (93, 61, NULL, 'Men Jeans Turkish', 17.0, 2, 34.0, 34.0, 0.0);
INSERT INTO sale_items (id, sale_id, product_id, name, price, qty, line_total, gross_line_total, discount_allocated) VALUES (94, 62, NULL, 'Men Tshirt', 10.0, 1, 10.0, 10.0, 0.0);
INSERT INTO sale_items (id, sale_id, product_id, name, price, qty, line_total, gross_line_total, discount_allocated) VALUES (95, 63, NULL, 'Badal', 4.0, 1, 4.0, 4.0, 0.0);
INSERT INTO sale_items (id, sale_id, product_id, name, price, qty, line_total, gross_line_total, discount_allocated) VALUES (96, 64, NULL, 'Bols Kids Tshirt', 8.0, 1, 8.0, 8.0, 0.0);
INSERT INTO sale_items (id, sale_id, product_id, name, price, qty, line_total, gross_line_total, discount_allocated) VALUES (97, 65, NULL, 'pants', 12.0, 1, 12.0, 12.0, 0.0);
INSERT INTO sale_items (id, sale_id, product_id, name, price, qty, line_total, gross_line_total, discount_allocated) VALUES (98, 65, NULL, 'perfume', 8.0, 1, 8.0, 8.0, 0.0);
INSERT INTO sale_items (id, sale_id, product_id, name, price, qty, line_total, gross_line_total, discount_allocated) VALUES (99, 66, NULL, 'Men Tshirt', 10.0, 1, 9.62, 9.62, 0.0);
INSERT INTO sale_items (id, sale_id, product_id, name, price, qty, line_total, gross_line_total, discount_allocated) VALUES (100, 66, NULL, 'Men Jeans Turkish', 18.0, 1, 17.31, 17.31, 0.0);
INSERT INTO sale_items (id, sale_id, product_id, name, price, qty, line_total, gross_line_total, discount_allocated) VALUES (101, 66, NULL, 'pants', 12.0, 1, 11.54, 11.54, 0.0);
INSERT INTO sale_items (id, sale_id, product_id, name, price, qty, line_total, gross_line_total, discount_allocated) VALUES (102, 66, NULL, 'pants survet', 12.0, 1, 11.53, 11.53, 0.0);
INSERT INTO sale_items (id, sale_id, product_id, name, price, qty, line_total, gross_line_total, discount_allocated) VALUES (103, 67, NULL, 'Shirt', 5.0, 5, 25.0, 25.0, 0.0);
INSERT INTO sale_items (id, sale_id, product_id, name, price, qty, line_total, gross_line_total, discount_allocated) VALUES (104, 67, NULL, 'Cap', 4.0, 1, 4.0, 4.0, 0.0);
INSERT INTO sale_items (id, sale_id, product_id, name, price, qty, line_total, gross_line_total, discount_allocated) VALUES (105, 67, NULL, 'hat', 5.0, 1, 5.0, 5.0, 0.0);
INSERT INTO sale_items (id, sale_id, product_id, name, price, qty, line_total, gross_line_total, discount_allocated) VALUES (106, 68, NULL, 'Set Women', 25.0, 1, 21.43, 21.43, 0.0);
INSERT INTO sale_items (id, sale_id, product_id, name, price, qty, line_total, gross_line_total, discount_allocated) VALUES (107, 68, NULL, 'blouse', 10.0, 1, 8.57, 8.57, 0.0);
INSERT INTO sale_items (id, sale_id, product_id, name, price, qty, line_total, gross_line_total, discount_allocated) VALUES (108, 69, NULL, 'sock', 3.0, 1, 3.0, 3.0, 0.0);
INSERT INTO sale_items (id, sale_id, product_id, name, price, qty, line_total, gross_line_total, discount_allocated) VALUES (109, 69, NULL, 'Bra', 8.0, 1, 8.0, 8.0, 0.0);
INSERT INTO sale_items (id, sale_id, product_id, name, price, qty, line_total, gross_line_total, discount_allocated) VALUES (110, 69, NULL, 'slip', 1.5, 2, 3.0, 3.0, 0.0);
INSERT INTO sale_items (id, sale_id, product_id, name, price, qty, line_total, gross_line_total, discount_allocated) VALUES (111, 70, NULL, 'White Women Shorts', 10.0, 1, 10.0, 10.0, 0.0);
INSERT INTO sale_items (id, sale_id, product_id, name, price, qty, line_total, gross_line_total, discount_allocated) VALUES (112, 71, NULL, 'Pants Ketten', 15.0, 1, 15.0, 15.0, 0.0);
INSERT INTO sale_items (id, sale_id, product_id, name, price, qty, line_total, gross_line_total, discount_allocated) VALUES (113, 72, NULL, 'Pants Ketten', 15.0, 8, 120.0, 120.0, 0.0);
INSERT INTO sale_items (id, sale_id, product_id, name, price, qty, line_total, gross_line_total, discount_allocated) VALUES (114, 73, NULL, 'Sticky Bra', 5.0, 1, 5.0, 5.0, 0.0);
INSERT INTO sale_items (id, sale_id, product_id, name, price, qty, line_total, gross_line_total, discount_allocated) VALUES (115, 73, NULL, 'Basic Dress', 20.0, 1, 20.0, 20.0, 0.0);
INSERT INTO sale_items (id, sale_id, product_id, name, price, qty, line_total, gross_line_total, discount_allocated) VALUES (116, 74, NULL, 'Women Ufo', 15.0, 1, 15.0, 15.0, 0.0);
INSERT INTO sale_items (id, sale_id, product_id, name, price, qty, line_total, gross_line_total, discount_allocated) VALUES (117, 75, NULL, 'Kids set', 15.0, 2, 30.0, 30.0, 0.0);
INSERT INTO sale_items (id, sale_id, product_id, name, price, qty, line_total, gross_line_total, discount_allocated) VALUES (118, 75, NULL, 'Men Tshirt', 10.0, 1, 10.0, 10.0, 0.0);
INSERT INTO sale_items (id, sale_id, product_id, name, price, qty, line_total, gross_line_total, discount_allocated) VALUES (119, 76, NULL, 'Women Butterfly Jeans', 15.0, 1, 15.0, 15.0, 0.0);
INSERT INTO sale_items (id, sale_id, product_id, name, price, qty, line_total, gross_line_total, discount_allocated) VALUES (120, 77, NULL, 'amis', 20.0, 1, 20.0, 20.0, 0.0);
INSERT INTO sale_items (id, sale_id, product_id, name, price, qty, line_total, gross_line_total, discount_allocated) VALUES (121, 78, NULL, 'Tshirt', 12.0, 1, 12.0, 12.0, 0.0);
INSERT INTO sale_items (id, sale_id, product_id, name, price, qty, line_total, gross_line_total, discount_allocated) VALUES (122, 78, NULL, 'Child Set ON', 15.0, 2, 30.0, 30.0, 0.0);
INSERT INTO sale_items (id, sale_id, product_id, name, price, qty, line_total, gross_line_total, discount_allocated) VALUES (123, 78, NULL, 'Tshirt Men', 12.0, 2, 24.0, 24.0, 0.0);
INSERT INTO sale_items (id, sale_id, product_id, name, price, qty, line_total, gross_line_total, discount_allocated) VALUES (124, 79, NULL, 'Men Tshirt', 10.0, 4, 40.0, 40.0, 0.0);
INSERT INTO sale_items (id, sale_id, product_id, name, price, qty, line_total, gross_line_total, discount_allocated) VALUES (125, 80, NULL, 'Argentina kit child', 15.0, 1, 15.0, 15.0, 0.0);
INSERT INTO sale_items (id, sale_id, product_id, name, price, qty, line_total, gross_line_total, discount_allocated) VALUES (126, 80, NULL, 'cap', 4.0, 1, 4.0, 4.0, 0.0);
INSERT INTO pos_sync_events (event_id, device_id, event_type, entity_type, entity_id, payload, created_at, schema_version, inserted_at) VALUES ('migration-config-16ebb25100714724a3ff3e55af47ecf7', 'c446fb1b-7da0-4cf8-aa3e-402b7defdd53', 'update', 'config', 'pos_config', '{"seasonal_sale_enabled":false,"seasonal_sales_map":{},"bundle_offers_enabled":true,"bundle_offers_map":{"8951459524604":{"qty":3,"price":25}},"spin_wheel_prizes":[{"type":"discount","label":"10%","value":10,"weight":1,"enabled":true},{"type":"discount","label":"20%","value":20,"weight":1,"enabled":true},{"type":"discount","label":"30","value":30,"weight":0.2,"enabled":true}]}', '2026-06-05T13:11:51Z', 1, '2026-06-05T13:11:51Z');
